일시,강수량(mm)
2010/03/31 0:00,0
2010/03/31 1:00,0
2010/03/31 2:00,0
2010/03/31 3:00,0
2010/03/31 4:00,0
2010/03/31 5:00,0
2010/03/31 6:00,0
2010/03/31 7:00,1
2010/03/31 8:00,1
2010/03/31 9:00,1.5
2010/03/31 10:00,2
2010/03/31 11:00,2
2010/03/31 12:00,2
2010/03/31 13:00,1.5
2010/03/31 14:00,0
2010/03/31 15:00,0
2010/03/31 16:00,0
2010/03/31 17:00,0.5
2010/03/31 18:00,0
2010/03/31 19:00,0
2010/03/31 20:00,0
2010/03/31 21:00,0
2010/03/31 22:00,0
2010/03/31 23:00,0
2010/04/01 0:00,0
2010/04/01 1:00,0
2010/04/01 2:00,0
2010/04/01 3:00,0
2010/04/01 4:00,0
2010/04/01 5:00,0
2010/04/01 6:00,0
2010/04/01 7:00,0
2010/04/01 8:00,0
2010/04/01 9:00,0
2010/04/01 10:00,0
2010/04/01 11:00,0
2010/04/01 12:00,0
2010/04/01 13:00,0
2010/04/01 14:00,0
2010/04/01 15:00,0
2010/04/01 16:00,1
2010/04/01 17:00,0
2010/04/01 18:00,0
2010/04/01 19:00,0
2010/04/01 20:00,0
2010/04/01 21:00,0
2010/04/01 22:00,0
2010/04/01 23:00,0
2010/04/21 0:00,0
2010/04/21 1:00,0
2010/04/21 2:00,0
2010/04/21 3:00,0
2010/04/21 4:00,0
2010/04/21 5:00,0
2010/04/21 6:00,0
2010/04/21 7:00,0
2010/04/21 8:00,0
2010/04/21 9:00,0
2010/04/21 10:00,0
2010/04/21 11:00,0
2010/04/21 12:00,0
2010/04/21 13:00,0
2010/04/21 14:00,0
2010/04/21 15:00,0
2010/04/21 16:00,0
2010/04/21 17:00,0
2010/04/21 18:00,0
2010/04/21 19:00,0
2010/04/21 20:00,1.5
2010/04/21 21:00,1
2010/04/21 22:00,0
2010/04/21 23:00,0
2010/04/27 0:00,0
2010/04/27 1:00,0
2010/04/27 2:00,0
2010/04/27 3:00,0
2010/04/27 4:00,0
2010/04/27 5:00,0
2010/04/27 6:00,0
2010/04/27 7:00,0
2010/04/27 8:00,1.5
2010/04/27 9:00,0
2010/04/27 10:00,0
2010/04/27 11:00,0
2010/04/27 12:00,0
2010/04/27 13:00,0
2010/04/27 14:00,0.5
2010/04/27 15:00,0
2010/04/27 16:00,1
2010/04/27 17:00,0.5
2010/04/27 18:00,1
2010/04/27 19:00,0
2010/04/27 20:00,0
2010/04/27 21:00,0
2010/04/27 22:00,0
2010/04/27 23:00,0
2010/04/28 0:00,0
2010/04/28 1:00,0
2010/04/28 2:00,0
2010/04/28 3:00,0
2010/04/28 4:00,0
2010/04/28 5:00,0
2010/04/28 6:00,0
2010/04/28 7:00,0
2010/04/28 8:00,0
2010/04/28 9:00,0
2010/04/28 10:00,0
2010/04/28 11:00,0
2010/04/28 12:00,0.5
2010/04/28 13:00,3
2010/04/28 14:00,1.5
2010/04/28 15:00,0.5
2010/04/28 16:00,0.5
2010/04/28 17:00,1
2010/04/28 18:00,0
2010/04/28 19:00,1.5
2010/04/28 20:00,0
2010/04/28 21:00,0.5
2010/04/28 22:00,0.5
2010/04/28 23:00,0
2010/05/18 0:00,1
2010/05/18 1:00,5.5
2010/05/18 2:00,4
2010/05/18 3:00,5.5
2010/05/18 4:00,7.5
2010/05/18 5:00,4.5
2010/05/18 6:00,4.5
2010/05/18 7:00,2
2010/05/18 8:00,1
2010/05/18 9:00,1.5
2010/05/18 10:00,1
2010/05/18 11:00,5
2010/05/18 12:00,0
2010/05/18 13:00,2
2010/05/18 14:00,1
2010/05/18 15:00,0.5
2010/05/18 16:00,0
2010/05/18 17:00,0.5
2010/05/18 18:00,0
2010/05/18 19:00,0
2010/05/18 20:00,1.5
2010/05/18 21:00,1.5
2010/05/18 22:00,0
2010/05/18 23:00,0
2010/06/12 0:00,0
2010/06/12 1:00,0
2010/06/12 2:00,2.5
2010/06/12 3:00,3
2010/06/12 4:00,2.5
2010/06/12 5:00,7.5
2010/06/12 6:00,8.5
2010/06/12 7:00,5.5
2010/06/12 8:00,0
2010/06/12 9:00,0
2010/06/12 10:00,3.5
2010/06/12 11:00,9.5
2010/06/12 12:00,2
2010/06/12 13:00,0.5
2010/06/12 14:00,4
2010/06/12 15:00,5.5
2010/06/12 16:00,1.5
2010/06/12 17:00,4
2010/06/12 18:00,1
2010/06/12 19:00,3
2010/06/12 20:00,1
2010/06/12 21:00,0
2010/06/12 22:00,0
2010/06/12 23:00,0
2010/07/02 0:00,0
2010/07/02 1:00,0
2010/07/02 2:00,0
2010/07/02 3:00,0
2010/07/02 4:00,0
2010/07/02 5:00,0
2010/07/02 6:00,0
2010/07/02 7:00,0
2010/07/02 8:00,0
2010/07/02 9:00,0.5
2010/07/02 10:00,21
2010/07/02 11:00,16.5
2010/07/02 12:00,4.5
2010/07/02 13:00,0.5
2010/07/02 14:00,0
2010/07/02 15:00,0
2010/07/02 16:00,1.5
2010/07/02 17:00,0.5
2010/07/02 18:00,0
2010/07/02 19:00,0.5
2010/07/02 20:00,4.5
2010/07/02 21:00,4.5
2010/07/02 22:00,0.5
2010/07/02 23:00,0
2010/07/07 0:00,0
2010/07/07 1:00,0
2010/07/07 2:00,0
2010/07/07 3:00,0
2010/07/07 4:00,0
2010/07/07 5:00,0
2010/07/07 6:00,0
2010/07/07 7:00,0
2010/07/07 8:00,0
2010/07/07 9:00,0
2010/07/07 10:00,0
2010/07/07 11:00,0
2010/07/07 12:00,0
2010/07/07 13:00,0
2010/07/07 14:00,0
2010/07/07 15:00,0
2010/07/07 16:00,0
2010/07/07 17:00,0
2010/07/07 18:00,0
2010/07/07 19:00,4.5
2010/07/07 20:00,4.5
2010/07/07 21:00,0
2010/07/07 22:00,0.5
2010/07/07 23:00,0
2010/07/13 0:00,0
2010/07/13 1:00,0
2010/07/13 2:00,0
2010/07/13 3:00,0
2010/07/13 4:00,0
2010/07/13 5:00,0
2010/07/13 6:00,0
2010/07/13 7:00,0
2010/07/13 8:00,0
2010/07/13 9:00,0
2010/07/13 10:00,0
2010/07/13 11:00,0
2010/07/13 12:00,0
2010/07/13 13:00,0
2010/07/13 14:00,0
2010/07/13 15:00,0
2010/07/13 16:00,0
2010/07/13 17:00,0
2010/07/13 18:00,0
2010/07/13 19:00,3.5
2010/07/13 20:00,4
2010/07/13 21:00,0
2010/07/13 22:00,0
2010/07/13 23:00,0
2010/07/16 0:00,0
2010/07/16 1:00,0
2010/07/16 2:00,0
2010/07/16 3:00,0
2010/07/16 4:00,0
2010/07/16 5:00,0
2010/07/16 6:00,0
2010/07/16 7:00,0
2010/07/16 8:00,0
2010/07/16 9:00,0
2010/07/16 10:00,0
2010/07/16 11:00,0
2010/07/16 12:00,4.5
2010/07/16 13:00,13
2010/07/16 14:00,9
2010/07/16 15:00,7
2010/07/16 16:00,0
2010/07/16 17:00,6
2010/07/16 18:00,7
2010/07/16 19:00,4
2010/07/16 20:00,2.5
2010/07/16 21:00,2
2010/07/16 22:00,12.5
2010/07/16 23:00,12
2010/07/17 0:00,14
2010/07/17 1:00,0.5
2010/07/17 2:00,3.5
2010/07/17 3:00,1
2010/07/17 4:00,0.5
2010/07/17 5:00,0
2010/07/17 6:00,0
2010/07/17 7:00,0
2010/07/17 8:00,0
2010/07/17 9:00,0
2010/07/17 10:00,6.5
2010/07/17 11:00,34
2010/07/17 12:00,7.5
2010/07/17 13:00,6
2010/07/17 14:00,5
2010/07/17 15:00,2.5
2010/07/17 16:00,0.5
2010/07/17 17:00,0
2010/07/17 18:00,0
2010/07/17 19:00,3
2010/07/17 20:00,0.5
2010/07/17 21:00,0
2010/07/17 22:00,1.5
2010/07/17 23:00,0.5
2010/08/10 0:00,0
2010/08/10 1:00,0
2010/08/10 2:00,0
2010/08/10 3:00,0
2010/08/10 4:00,0
2010/08/10 5:00,0
2010/08/10 6:00,0
2010/08/10 7:00,0
2010/08/10 8:00,0
2010/08/10 9:00,0
2010/08/10 10:00,35
2010/08/10 11:00,20
2010/08/10 12:00,0
2010/08/10 13:00,0
2010/08/10 14:00,0
2010/08/10 15:00,0
2010/08/10 16:00,0
2010/08/10 17:00,0
2010/08/10 18:00,2.5
2010/08/10 19:00,3.5
2010/08/10 20:00,2
2010/08/10 21:00,0.5
2010/08/10 22:00,0
2010/08/10 23:00,0
2010/08/12 0:00,0
2010/08/12 1:00,0
2010/08/12 2:00,0
2010/08/12 3:00,0
2010/08/12 4:00,0
2010/08/12 5:00,0
2010/08/12 6:00,0
2010/08/12 7:00,0
2010/08/12 8:00,0
2010/08/12 9:00,0
2010/08/12 10:00,0
2010/08/12 11:00,0
2010/08/12 12:00,0
2010/08/12 13:00,0
2010/08/12 14:00,2.5
2010/08/12 15:00,0
2010/08/12 16:00,0
2010/08/12 17:00,0
2010/08/12 18:00,0
2010/08/12 19:00,0
2010/08/12 20:00,1
2010/08/12 21:00,0
2010/08/12 22:00,0.5
2010/08/12 23:00,0
2010/08/14 0:00,0
2010/08/14 1:00,0
2010/08/14 2:00,0
2010/08/14 3:00,0
2010/08/14 4:00,0
2010/08/14 5:00,0
2010/08/14 6:00,0
2010/08/14 7:00,0
2010/08/14 8:00,0
2010/08/14 9:00,0
2010/08/14 10:00,0
2010/08/14 11:00,10.5
2010/08/14 12:00,3
2010/08/14 13:00,0
2010/08/14 14:00,0
2010/08/14 15:00,0
2010/08/14 16:00,0
2010/08/14 17:00,2.5
2010/08/14 18:00,3.5
2010/08/14 19:00,2.5
2010/08/14 20:00,0
2010/08/14 21:00,0
2010/08/14 22:00,0
2010/08/14 23:00,0
2010/08/27 0:00,0.5
2010/08/27 1:00,0
2010/08/27 2:00,0
2010/08/27 3:00,0
2010/08/27 4:00,0
2010/08/27 5:00,0
2010/08/27 6:00,0
2010/08/27 7:00,0
2010/08/27 8:00,0
2010/08/27 9:00,0
2010/08/27 10:00,0
2010/08/27 11:00,0
2010/08/27 12:00,0
2010/08/27 13:00,0
2010/08/27 14:00,24
2010/08/27 15:00,0.5
2010/08/27 16:00,0
2010/08/27 17:00,0
2010/08/27 18:00,0
2010/08/27 19:00,1
2010/08/27 20:00,0
2010/08/27 21:00,0
2010/08/27 22:00,0
2010/08/27 23:00,0
2010/08/29 0:00,0
2010/08/29 1:00,0.5
2010/08/29 2:00,0
2010/08/29 3:00,0
2010/08/29 4:00,0
2010/08/29 5:00,0
2010/08/29 6:00,0
2010/08/29 7:00,1.5
2010/08/29 8:00,2.5
2010/08/29 9:00,12
2010/08/29 10:00,17
2010/08/29 11:00,17
2010/08/29 12:00,29
2010/08/29 13:00,8.5
2010/08/29 14:00,4.5
2010/08/29 15:00,0.5
2010/08/29 16:00,0
2010/08/29 17:00,0
2010/08/29 18:00,0
2010/08/29 19:00,0
2010/08/29 20:00,0
2010/08/29 21:00,0
2010/08/29 22:00,0
2010/08/29 23:00,0
2010/09/21 0:00,1
2010/09/21 1:00,0.5
2010/09/21 2:00,0
2010/09/21 3:00,0
2010/09/21 4:00,0
2010/09/21 5:00,0
2010/09/21 6:00,0
2010/09/21 7:00,0
2010/09/21 8:00,0.5
2010/09/21 9:00,1
2010/09/21 10:00,2.5
2010/09/21 11:00,0.5
2010/09/21 12:00,0
2010/09/21 13:00,2
2010/09/21 14:00,46.5
2010/09/21 15:00,57.5
2010/09/21 16:00,57.5
2010/09/21 17:00,52.5
2010/09/21 18:00,43
2010/09/21 19:00,0.5
2010/09/21 20:00,0.5
2010/09/21 21:00,0
2010/09/21 22:00,9.5
2010/09/21 23:00,1
2011/04/07 0:00,0
2011/04/07 1:00,0
2011/04/07 2:00,0
2011/04/07 3:00,0
2011/04/07 4:00,0
2011/04/07 5:00,0
2011/04/07 6:00,0
2011/04/07 7:00,0
2011/04/07 8:00,0.5
2011/04/07 9:00,0
2011/04/07 10:00,0.5
2011/04/07 11:00,1
2011/04/07 12:00,0.5
2011/04/07 13:00,1
2011/04/07 14:00,0
2011/04/07 15:00,0.5
2011/04/07 16:00,0.5
2011/04/07 17:00,1
2011/04/07 18:00,1
2011/04/07 19:00,0.5
2011/04/07 20:00,0.5
2011/04/07 21:00,0.5
2011/04/07 22:00,0
2011/04/07 23:00,0
2011/04/26 0:00,0
2011/04/26 1:00,0
2011/04/26 2:00,0
2011/04/26 3:00,0
2011/04/26 4:00,1
2011/04/26 5:00,0
2011/04/26 6:00,0.5
2011/04/26 7:00,0
2011/04/26 8:00,0
2011/04/26 9:00,0
2011/04/26 10:00,0
2011/04/26 11:00,0
2011/04/26 12:00,1.5
2011/04/26 13:00,0
2011/04/26 14:00,0
2011/04/26 15:00,0
2011/04/26 16:00,0
2011/04/26 17:00,0
2011/04/26 18:00,0
2011/04/26 19:00,0
2011/04/26 20:00,0
2011/04/26 21:00,0
2011/04/26 22:00,0
2011/04/26 23:00,0
2011/04/30 0:00,1
2011/04/30 1:00,4.5
2011/04/30 2:00,2
2011/04/30 3:00,3.5
2011/04/30 4:00,16.5
2011/04/30 5:00,6
2011/04/30 6:00,4
2011/04/30 7:00,6
2011/04/30 8:00,1.5
2011/04/30 9:00,1
2011/04/30 10:00,0
2011/04/30 11:00,0
2011/04/30 12:00,0
2011/04/30 13:00,0
2011/04/30 14:00,0
2011/04/30 15:00,2
2011/04/30 16:00,8
2011/04/30 17:00,7.5
2011/04/30 18:00,7
2011/04/30 19:00,4
2011/04/30 20:00,2.5
2011/04/30 21:00,1.5
2011/04/30 22:00,0.5
2011/04/30 23:00,0
2011/05/20 0:00,0
2011/05/20 1:00,0
2011/05/20 2:00,0
2011/05/20 3:00,0.5
2011/05/20 4:00,0
2011/05/20 5:00,0
2011/05/20 6:00,2
2011/05/20 7:00,0.5
2011/05/20 8:00,2.5
2011/05/20 9:00,0
2011/05/20 10:00,0
2011/05/20 11:00,0
2011/05/20 12:00,0
2011/05/20 13:00,0
2011/05/20 14:00,0.5
2011/05/20 15:00,2
2011/05/20 16:00,1
2011/05/20 17:00,0.5
2011/05/20 18:00,0
2011/05/20 19:00,0
2011/05/20 20:00,0
2011/05/20 21:00,0
2011/05/20 22:00,0.5
2011/05/20 23:00,0.5
2011/06/22 0:00,0
2011/06/22 1:00,0
2011/06/22 2:00,0
2011/06/22 3:00,0
2011/06/22 4:00,0
2011/06/22 5:00,0
2011/06/22 6:00,0
2011/06/22 7:00,0
2011/06/22 8:00,0
2011/06/22 9:00,0
2011/06/22 10:00,0
2011/06/22 11:00,0
2011/06/22 12:00,0
2011/06/22 13:00,0
2011/06/22 14:00,0
2011/06/22 15:00,0
2011/06/22 16:00,0
2011/06/22 17:00,4.5
2011/06/22 18:00,4
2011/06/22 19:00,0.5
2011/06/22 20:00,0
2011/06/22 21:00,0
2011/06/22 22:00,0
2011/06/22 23:00,0
2011/06/23 0:00,0
2011/06/23 1:00,0
2011/06/23 2:00,0
2011/06/23 3:00,0
2011/06/23 4:00,0
2011/06/23 5:00,1
2011/06/23 6:00,2.5
2011/06/23 7:00,1.5
2011/06/23 8:00,3.5
2011/06/23 9:00,6
2011/06/23 10:00,1
2011/06/23 11:00,2.5
2011/06/23 12:00,0.5
2011/06/23 13:00,3.5
2011/06/23 14:00,5
2011/06/23 15:00,1
2011/06/23 16:00,0
2011/06/23 17:00,2
2011/06/23 18:00,0.5
2011/06/23 19:00,0
2011/06/23 20:00,0
2011/06/23 21:00,0.5
2011/06/23 22:00,0.5
2011/06/23 23:00,0.5
2011/06/24 0:00,0.5
2011/06/24 1:00,0.5
2011/06/24 2:00,0.5
2011/06/24 3:00,0
2011/06/24 4:00,0.5
2011/06/24 5:00,0
2011/06/24 6:00,1
2011/06/24 7:00,1.5
2011/06/24 8:00,2.5
2011/06/24 9:00,2
2011/06/24 10:00,1
2011/06/24 11:00,1.5
2011/06/24 12:00,1
2011/06/24 13:00,0.5
2011/06/24 14:00,0
2011/06/24 15:00,1
2011/06/24 16:00,0.5
2011/06/24 17:00,0
2011/06/24 18:00,0
2011/06/24 19:00,0
2011/06/24 20:00,1
2011/06/24 21:00,0.5
2011/06/24 22:00,0.5
2011/06/24 23:00,0
2011/06/25 0:00,0
2011/06/25 1:00,0
2011/06/25 2:00,0
2011/06/25 3:00,0
2011/06/25 4:00,0.5
2011/06/25 5:00,0
2011/06/25 6:00,0
2011/06/25 7:00,0.5
2011/06/25 8:00,0
2011/06/25 9:00,1
2011/06/25 10:00,1.5
2011/06/25 11:00,0.5
2011/06/25 12:00,0
2011/06/25 13:00,6
2011/06/25 14:00,7.5
2011/06/25 15:00,2.5
2011/06/25 16:00,1.5
2011/06/25 17:00,0
2011/06/25 18:00,1
2011/06/25 19:00,1
2011/06/25 20:00,0.5
2011/06/25 21:00,2
2011/06/25 22:00,11.5
2011/06/25 23:00,5.5
2011/06/26 0:00,3
2011/06/26 1:00,0.5
2011/06/26 2:00,0
2011/06/26 3:00,0.5
2011/06/26 4:00,5
2011/06/26 5:00,11
2011/06/26 6:00,2
2011/06/26 7:00,0
2011/06/26 8:00,0
2011/06/26 9:00,0.5
2011/06/26 10:00,3.5
2011/06/26 11:00,5.5
2011/06/26 12:00,0.5
2011/06/26 13:00,1.5
2011/06/26 14:00,0
2011/06/26 15:00,0
2011/06/26 16:00,0
2011/06/26 17:00,0
2011/06/26 18:00,0
2011/06/26 19:00,0
2011/06/26 20:00,0
2011/06/26 21:00,0
2011/06/26 22:00,1
2011/06/26 23:00,1.5
2011/06/29 0:00,0.5
2011/06/29 1:00,3.5
2011/06/29 2:00,9.5
2011/06/29 3:00,37
2011/06/29 4:00,17
2011/06/29 5:00,24.5
2011/06/29 6:00,11.5
2011/06/29 7:00,14
2011/06/29 8:00,5
2011/06/29 9:00,1
2011/06/29 10:00,21
2011/06/29 11:00,15.5
2011/06/29 12:00,8.5
2011/06/29 13:00,6.5
2011/06/29 14:00,14
2011/06/29 15:00,11.5
2011/06/29 16:00,1.5
2011/06/29 17:00,1
2011/06/29 18:00,1.5
2011/06/29 19:00,0.5
2011/06/29 20:00,0
2011/06/29 21:00,2
2011/06/29 22:00,0
2011/06/29 23:00,0
2011/06/30 0:00,2.5
2011/06/30 1:00,1
2011/06/30 2:00,0.5
2011/06/30 3:00,0
2011/06/30 4:00,1.5
2011/06/30 5:00,0.5
2011/06/30 6:00,3
2011/06/30 7:00,4
2011/06/30 8:00,9.5
2011/06/30 9:00,5
2011/06/30 10:00,0.5
2011/06/30 11:00,0
2011/06/30 12:00,0
2011/06/30 13:00,0.5
2011/06/30 14:00,0
2011/06/30 15:00,4.5
2011/06/30 16:00,4
2011/06/30 17:00,0
2011/06/30 18:00,0
2011/06/30 19:00,0
2011/06/30 20:00,0
2011/06/30 21:00,0
2011/06/30 22:00,0
2011/06/30 23:00,0
2011/07/03 0:00,0
2011/07/03 1:00,0
2011/07/03 2:00,0
2011/07/03 3:00,0.5
2011/07/03 4:00,1
2011/07/03 5:00,15
2011/07/03 6:00,16
2011/07/03 7:00,10.5
2011/07/03 8:00,2
2011/07/03 9:00,3.5
2011/07/03 10:00,14
2011/07/03 11:00,2.5
2011/07/03 12:00,3
2011/07/03 13:00,9
2011/07/03 14:00,2.5
2011/07/03 15:00,9
2011/07/03 16:00,26.5
2011/07/03 17:00,6.5
2011/07/03 18:00,0
2011/07/03 19:00,0
2011/07/03 20:00,0.5
2011/07/03 21:00,0
2011/07/03 22:00,0
2011/07/03 23:00,0
2011/07/07 0:00,0
2011/07/07 1:00,0
2011/07/07 2:00,0
2011/07/07 3:00,0
2011/07/07 4:00,0
2011/07/07 5:00,0
2011/07/07 6:00,0
2011/07/07 7:00,0
2011/07/07 8:00,0
2011/07/07 9:00,0
2011/07/07 10:00,0
2011/07/07 11:00,0
2011/07/07 12:00,0
2011/07/07 13:00,3
2011/07/07 14:00,0.5
2011/07/07 15:00,13
2011/07/07 16:00,15
2011/07/07 17:00,6
2011/07/07 18:00,17.5
2011/07/07 19:00,7.5
2011/07/07 20:00,0.5
2011/07/07 21:00,0
2011/07/07 22:00,0
2011/07/07 23:00,0
2011/07/13 0:00,1
2011/07/13 1:00,4.5
2011/07/13 2:00,0.5
2011/07/13 3:00,0
2011/07/13 4:00,0.5
2011/07/13 5:00,0.5
2011/07/13 6:00,0.5
2011/07/13 7:00,0.5
2011/07/13 8:00,0.5
2011/07/13 9:00,0.5
2011/07/13 10:00,0
2011/07/13 11:00,0.5
2011/07/13 12:00,0
2011/07/13 13:00,0.5
2011/07/13 14:00,0
2011/07/13 15:00,0
2011/07/13 16:00,0
2011/07/13 17:00,0.5
2011/07/13 18:00,0
2011/07/13 19:00,0
2011/07/13 20:00,1.5
2011/07/13 21:00,2.5
2011/07/13 22:00,0.5
2011/07/13 23:00,0
2011/07/14 0:00,0
2011/07/14 1:00,1
2011/07/14 2:00,0
2011/07/14 3:00,12
2011/07/14 4:00,3.5
2011/07/14 5:00,0.5
2011/07/14 6:00,1
2011/07/14 7:00,0
2011/07/14 8:00,0.5
2011/07/14 9:00,0
2011/07/14 10:00,1.5
2011/07/14 11:00,1
2011/07/14 12:00,7
2011/07/14 13:00,11
2011/07/14 14:00,1
2011/07/14 15:00,0
2011/07/14 16:00,0
2011/07/14 17:00,0
2011/07/14 18:00,3.5
2011/07/14 19:00,1
2011/07/14 20:00,0
2011/07/14 21:00,1
2011/07/14 22:00,0.5
2011/07/14 23:00,0
2011/07/15 0:00,0
2011/07/15 1:00,0
2011/07/15 2:00,1
2011/07/15 3:00,0
2011/07/15 4:00,0
2011/07/15 5:00,0.5
2011/07/15 6:00,0
2011/07/15 7:00,0
2011/07/15 8:00,0
2011/07/15 9:00,0
2011/07/15 10:00,0
2011/07/15 11:00,0
2011/07/15 12:00,1
2011/07/15 13:00,4
2011/07/15 14:00,12
2011/07/15 15:00,1
2011/07/15 16:00,2
2011/07/15 17:00,1
2011/07/15 18:00,0.5
2011/07/15 19:00,0.5
2011/07/15 20:00,0.5
2011/07/15 21:00,0.5
2011/07/15 22:00,0.5
2011/07/15 23:00,1
2011/07/16 0:00,1.5
2011/07/16 1:00,0
2011/07/16 2:00,1
2011/07/16 3:00,0
2011/07/16 4:00,0.5
2011/07/16 5:00,2
2011/07/16 6:00,3
2011/07/16 7:00,0
2011/07/16 8:00,1
2011/07/16 9:00,0
2011/07/16 10:00,0
2011/07/16 11:00,0
2011/07/16 12:00,0
2011/07/16 13:00,0.5
2011/07/16 14:00,18
2011/07/16 15:00,3.5
2011/07/16 16:00,0.5
2011/07/16 17:00,0
2011/07/16 18:00,4.5
2011/07/16 19:00,0.5
2011/07/16 20:00,0
2011/07/16 21:00,0
2011/07/16 22:00,0
2011/07/16 23:00,0
2011/07/26 0:00,0
2011/07/26 1:00,0
2011/07/26 2:00,0
2011/07/26 3:00,0
2011/07/26 4:00,0
2011/07/26 5:00,0
2011/07/26 6:00,0
2011/07/26 7:00,0
2011/07/26 8:00,0
2011/07/26 9:00,0
2011/07/26 10:00,0
2011/07/26 11:00,0
2011/07/26 12:00,0
2011/07/26 13:00,0
2011/07/26 14:00,0
2011/07/26 15:00,0
2011/07/26 16:00,0
2011/07/26 17:00,12
2011/07/26 18:00,32.5
2011/07/26 19:00,42.5
2011/07/26 20:00,14.5
2011/07/26 21:00,7.5
2011/07/26 22:00,7
2011/07/26 23:00,0.5
2011/07/27 0:00,0
2011/07/27 1:00,0
2011/07/27 2:00,13.5
2011/07/27 3:00,19.5
2011/07/27 4:00,60.5
2011/07/27 5:00,42
2011/07/28 1:00,0
2011/07/28 2:00,0
2011/07/28 3:00,0
2011/07/28 4:00,0
2011/07/28 5:00,0.5
2011/07/28 6:00,0
2011/07/28 7:00,12.5
2011/07/28 8:00,10
2011/07/28 9:00,10.5
2011/07/28 10:00,26
2011/07/28 11:00,3.5
2011/07/28 12:00,0
2011/07/28 13:00,0
2011/07/28 14:00,0
2011/07/28 15:00,0
2011/07/28 16:00,5.5
2011/07/28 17:00,0.5
2011/07/28 18:00,0.5
2011/07/28 19:00,0.5
2011/07/28 20:00,0
2011/07/28 21:00,0
2011/07/28 22:00,4.5
2011/07/28 23:00,3.5
2011/07/31 0:00,0
2011/07/31 1:00,0
2011/07/31 2:00,0
2011/07/31 3:00,0
2011/07/31 4:00,0
2011/07/31 5:00,0
2011/07/31 6:00,0
2011/07/31 7:00,0
2011/07/31 8:00,0
2011/07/31 9:00,0
2011/07/31 10:00,0
2011/07/31 11:00,1.5
2011/07/31 12:00,1
2011/07/31 13:00,1
2011/07/31 14:00,4
2011/07/31 15:00,2.5
2011/07/31 16:00,4
2011/07/31 17:00,4
2011/07/31 18:00,34
2011/07/31 19:00,1.5
2011/07/31 20:00,4.5
2011/07/31 21:00,0.5
2011/07/31 22:00,0
2011/07/31 23:00,0.5
2011/08/12 0:00,0
2011/08/12 1:00,0
2011/08/12 2:00,0
2011/08/12 3:00,0
2011/08/12 4:00,0
2011/08/12 5:00,0.5
2011/08/12 6:00,0
2011/08/12 7:00,1
2011/08/12 8:00,0
2011/08/12 9:00,0
2011/08/12 10:00,0
2011/08/12 11:00,0
2011/08/12 12:00,0
2011/08/12 13:00,0
2011/08/12 14:00,0
2011/08/12 15:00,0
2011/08/12 16:00,0
2011/08/12 17:00,0
2011/08/12 18:00,0
2011/08/12 19:00,6.5
2011/08/12 20:00,7.5
2011/08/12 21:00,7
2011/08/12 22:00,1
2011/08/12 23:00,0.5
2011/08/16 0:00,0
2011/08/16 1:00,0
2011/08/16 2:00,0
2011/08/16 3:00,0
2011/08/16 4:00,0
2011/08/16 5:00,0
2011/08/16 6:00,0
2011/08/16 7:00,0
2011/08/16 8:00,0
2011/08/16 9:00,0
2011/08/16 10:00,0
2011/08/16 11:00,0
2011/08/16 12:00,0
2011/08/16 13:00,0
2011/08/16 14:00,0
2011/08/16 15:00,1
2011/08/16 16:00,18
2011/08/16 17:00,0
2011/08/16 18:00,0
2011/08/16 19:00,7
2011/08/16 20:00,0.5
2011/08/16 21:00,1.5
2011/08/16 22:00,1
2011/08/16 23:00,1
2011/08/17 0:00,6.5
2011/08/17 1:00,0.5
2011/08/17 2:00,0
2011/08/17 3:00,0
2011/08/17 4:00,0.5
2011/08/17 5:00,1.5
2011/08/17 6:00,0
2011/08/17 7:00,0
2011/08/17 8:00,0
2011/08/17 9:00,1.5
2011/08/17 10:00,0
2011/08/17 11:00,0
2011/08/17 12:00,0
2011/08/17 13:00,0
2011/08/17 14:00,0
2011/08/17 15:00,1.5
2011/08/17 16:00,4
2011/08/17 17:00,1.5
2011/08/17 18:00,0
2011/08/17 19:00,0
2011/08/17 20:00,0
2011/08/17 21:00,0
2011/08/17 22:00,0
2011/08/17 23:00,0
2012/04/10 0:00,0
2012/04/10 1:00,0
2012/04/10 2:00,0
2012/04/10 3:00,0
2012/04/10 4:00,0
2012/04/10 5:00,0
2012/04/10 6:00,0
2012/04/10 7:00,0
2012/04/10 8:00,0
2012/04/10 9:00,0
2012/04/10 10:00,0
2012/04/10 11:00,0
2012/04/10 12:00,0
2012/04/10 13:00,0
2012/04/10 14:00,0
2012/04/10 15:00,1
2012/04/10 16:00,1
2012/04/10 17:00,3
2012/04/10 18:00,0.5
2012/04/10 19:00,0
2012/04/10 20:00,0.5
2012/04/10 21:00,0.5
2012/04/10 22:00,0.5
2012/04/10 23:00,0.5
2012/04/21 0:00,0
2012/04/21 1:00,0
2012/04/21 2:00,0
2012/04/21 3:00,0
2012/04/21 4:00,0
2012/04/21 5:00,0
2012/04/21 6:00,0
2012/04/21 7:00,0
2012/04/21 8:00,0
2012/04/21 9:00,0
2012/04/21 10:00,2
2012/04/21 11:00,4
2012/04/21 12:00,3
2012/04/21 13:00,4
2012/04/21 14:00,3
2012/04/21 15:00,1.5
2012/04/21 16:00,3.5
2012/04/21 17:00,6
2012/04/21 18:00,8
2012/04/21 19:00,3
2012/04/21 20:00,3.5
2012/04/21 21:00,1
2012/04/21 22:00,0
2012/04/21 23:00,0.5
2012/04/22 0:00,0.5
2012/04/22 1:00,0.5
2012/04/22 2:00,0.5
2012/04/22 3:00,0.5
2012/04/22 4:00,0
2012/04/22 5:00,1
2012/04/22 6:00,1
2012/04/22 7:00,0.5
2012/04/22 8:00,0
2012/04/22 9:00,0
2012/04/22 10:00,0
2012/04/22 11:00,0.5
2012/04/22 12:00,0
2012/04/22 13:00,0
2012/04/22 14:00,0
2012/04/22 15:00,0
2012/04/22 16:00,0
2012/04/22 17:00,0
2012/04/22 18:00,0.5
2012/04/22 19:00,0
2012/04/22 20:00,0.5
2012/04/22 21:00,0.5
2012/04/22 22:00,0.5
2012/04/22 23:00,0
2012/04/25 0:00,0
2012/04/25 1:00,0
2012/04/25 2:00,0
2012/04/25 3:00,0
2012/04/25 4:00,0
2012/04/25 5:00,0
2012/04/25 6:00,0
2012/04/25 7:00,0
2012/04/25 8:00,0.5
2012/04/25 9:00,0.5
2012/04/25 10:00,1
2012/04/25 11:00,2
2012/04/25 12:00,2.5
2012/04/25 13:00,0.5
2012/04/25 14:00,0.5
2012/04/25 15:00,2
2012/04/25 16:00,10.5
2012/04/25 17:00,9.5
2012/04/25 18:00,1.5
2012/04/25 19:00,0
2012/04/25 20:00,0
2012/04/25 21:00,0
2012/04/25 22:00,0.5
2012/04/25 23:00,0
2012/06/08 0:00,0
2012/06/08 1:00,0
2012/06/08 2:00,0
2012/06/08 3:00,0
2012/06/08 4:00,0
2012/06/08 5:00,0
2012/06/08 6:00,0
2012/06/08 7:00,0
2012/06/08 8:00,0
2012/06/08 9:00,0
2012/06/08 10:00,0
2012/06/08 11:00,0
2012/06/08 12:00,0
2012/06/08 13:00,0
2012/06/08 14:00,0
2012/06/08 15:00,0
2012/06/08 16:00,0
2012/06/08 17:00,0
2012/06/08 18:00,0
2012/06/08 19:00,7
2012/06/08 20:00,0.5
2012/06/08 21:00,0.5
2012/06/08 22:00,0
2012/06/08 23:00,0
2012/07/05 0:00,0
2012/07/05 1:00,0
2012/07/05 2:00,0
2012/07/05 3:00,0
2012/07/05 4:00,2.5
2012/07/05 5:00,7
2012/07/05 6:00,0
2012/07/05 7:00,0
2012/07/05 8:00,0
2012/07/05 9:00,0
2012/07/05 10:00,0
2012/07/05 11:00,0.5
2012/07/05 12:00,1
2012/07/05 13:00,0
2012/07/05 14:00,0.5
2012/07/05 15:00,1.5
2012/07/05 16:00,2.5
2012/07/05 17:00,4.5
2012/07/05 18:00,1.5
2012/07/05 19:00,2.5
2012/07/05 20:00,2
2012/07/05 21:00,0.5
2012/07/05 22:00,3
2012/07/05 23:00,2.5
2012/07/06 0:00,9.5
2012/07/06 1:00,13
2012/07/06 2:00,11.5
2012/07/06 3:00,56
2012/07/06 4:00,26.5
2012/07/06 5:00,12
2012/07/06 6:00,4.5
2012/07/06 7:00,2.5
2012/07/06 8:00,8
2012/07/06 9:00,3.5
2012/07/06 10:00,0
2012/07/06 11:00,1.5
2012/07/06 12:00,3
2012/07/06 13:00,1
2012/07/06 14:00,1.5
2012/07/06 15:00,0
2012/07/06 16:00,4.5
2012/07/06 17:00,0
2012/07/06 18:00,0
2012/07/06 19:00,5.5
2012/07/06 20:00,0.5
2012/07/06 21:00,0
2012/07/06 22:00,0
2012/07/06 23:00,0
2012/07/14 0:00,0
2012/07/14 1:00,0
2012/07/14 2:00,1
2012/07/14 3:00,1.5
2012/07/14 4:00,0
2012/07/14 5:00,0
2012/07/14 6:00,0
2012/07/14 7:00,0
2012/07/14 8:00,2.5
2012/07/14 9:00,0
2012/07/14 10:00,0
2012/07/14 11:00,0
2012/07/14 12:00,0
2012/07/14 13:00,0
2012/07/14 14:00,0
2012/07/14 15:00,0
2012/07/14 16:00,0
2012/07/14 17:00,0
2012/07/14 18:00,7.5
2012/07/14 19:00,0.5
2012/07/14 20:00,2
2012/07/14 21:00,2
2012/07/14 22:00,0.5
2012/07/14 23:00,0
2012/07/15 0:00,0
2012/07/15 1:00,0
2012/07/15 2:00,0
2012/07/15 3:00,4
2012/07/15 4:00,6
2012/07/15 5:00,5.5
2012/07/15 6:00,4
2012/07/15 7:00,10
2012/07/15 8:00,5
2012/07/15 9:00,5.5
2012/07/15 10:00,1
2012/07/15 11:00,0.5
2012/07/15 12:00,0.5
2012/07/15 13:00,0.5
2012/07/15 14:00,0
2012/07/15 15:00,1
2012/07/15 16:00,0.5
2012/07/15 17:00,0
2012/07/15 18:00,0.5
2012/07/15 19:00,2
2012/07/15 20:00,1
2012/07/15 21:00,0
2012/07/15 22:00,0.5
2012/07/15 23:00,0.5
2012/08/14 0:00,0
2012/08/14 1:00,0
2012/08/14 2:00,0
2012/08/14 3:00,0
2012/08/14 4:00,0
2012/08/14 5:00,0
2012/08/14 6:00,0
2012/08/14 7:00,0
2012/08/14 8:00,0
2012/08/14 9:00,0
2012/08/14 10:00,0
2012/08/14 11:00,0
2012/08/14 12:00,0
2012/08/14 13:00,0
2012/08/14 14:00,0
2012/08/14 15:00,0
2012/08/14 16:00,0
2012/08/14 17:00,0
2012/08/14 18:00,0
2012/08/14 19:00,0
2012/08/14 20:00,0
2012/08/14 21:00,2
2012/08/14 22:00,3
2012/08/14 23:00,0.5
2012/08/15 0:00,0.5
2012/08/15 1:00,10
2012/08/15 2:00,8.5
2012/08/15 3:00,3
2012/08/15 4:00,6
2012/08/15 5:00,4
2012/08/15 6:00,5
2012/08/15 7:00,3
2012/08/15 8:00,0.5
2012/08/15 9:00,0
2012/08/15 10:00,0
2012/08/15 11:00,0
2012/08/15 12:00,18
2012/08/15 13:00,47
2012/08/15 14:00,33
2012/08/15 15:00,15
2012/08/15 16:00,11
2012/08/15 17:00,0.5
2012/08/15 18:00,0
2012/08/15 19:00,0
2012/08/15 20:00,0
2012/08/15 21:00,0
2012/08/15 22:00,0
2012/08/15 23:00,0
2012/08/21 0:00,6.5
2012/08/21 1:00,10.5
2012/08/21 2:00,22.5
2012/08/21 3:00,23.5
2012/08/21 4:00,23.5
2012/08/21 5:00,0
2012/08/21 6:00,10.5
2012/08/21 7:00,1.5
2012/08/21 8:00,6
2012/08/21 9:00,3.5
2012/08/21 10:00,4.5
2012/08/21 11:00,0.5
2012/08/21 12:00,0
2012/08/21 13:00,0
2012/08/21 14:00,0
2012/08/21 15:00,0
2012/08/21 16:00,0
2012/08/21 17:00,0
2012/08/21 18:00,0
2012/08/21 19:00,0
2012/08/21 20:00,18
2012/08/21 21:00,2.5
2012/08/21 22:00,0
2012/08/21 23:00,0
2012/08/28 0:00,0
2012/08/28 1:00,0
2012/08/28 2:00,0
2012/08/28 3:00,0
2012/08/28 4:00,0
2012/08/28 5:00,0
2012/08/28 6:00,0
2012/08/28 7:00,0
2012/08/28 8:00,0
2012/08/28 9:00,0.5
2012/08/28 10:00,0.5
2012/08/28 11:00,0
2012/08/28 12:00,1.5
2012/08/28 13:00,4
2012/08/28 14:00,0
2012/08/28 15:00,0
2012/08/28 16:00,0
2012/08/28 17:00,0
2012/08/28 18:00,0
2012/08/28 19:00,0
2012/08/28 20:00,0
2012/08/28 21:00,0
2012/08/28 22:00,1.5
2012/08/28 23:00,1
2012/09/13 0:00,0
2012/09/13 1:00,0
2012/09/13 2:00,0
2012/09/13 3:00,0
2012/09/13 4:00,0
2012/09/13 5:00,0
2012/09/13 6:00,0
2012/09/13 7:00,0
2012/09/13 8:00,0
2012/09/13 9:00,0
2012/09/13 10:00,0.5
2012/09/13 11:00,1.5
2012/09/13 12:00,3.5
2012/09/13 13:00,0.5
2012/09/13 14:00,1.5
2012/09/13 15:00,0
2012/09/13 16:00,0
2012/09/13 17:00,1
2012/09/13 18:00,1
2012/09/13 19:00,0
2012/09/13 20:00,0
2012/09/13 21:00,0
2012/09/13 22:00,0
2012/09/13 23:00,0
2012/09/17 0:00,0.5
2012/09/17 1:00,1.5
2012/09/17 2:00,4.5
2012/09/17 3:00,3
2012/09/17 4:00,3
2012/09/17 5:00,1
2012/09/17 6:00,0.5
2012/09/17 7:00,0.5
2012/09/17 8:00,0
2012/09/17 9:00,1
2012/09/17 10:00,3.5
2012/09/17 11:00,2.5
2012/09/17 12:00,8.5
2012/09/17 13:00,12.5
2012/09/17 14:00,13.5
2012/09/17 15:00,10.5
2012/09/17 16:00,9
2012/09/17 17:00,4
2012/09/17 18:00,16
2012/09/17 19:00,2.5
2012/09/17 20:00,0.5
2012/09/17 21:00,0
2012/09/17 22:00,0
2012/09/17 23:00,0
2013/04/06 0:00,0
2013/04/06 1:00,0
2013/04/06 2:00,0
2013/04/06 3:00,0
2013/04/06 4:00,0
2013/04/06 5:00,0
2013/04/06 6:00,0.5
2013/04/06 7:00,1
2013/04/06 8:00,1
2013/04/06 9:00,1
2013/04/06 10:00,1
2013/04/06 11:00,1
2013/04/06 12:00,0
2013/04/06 13:00,0.5
2013/04/06 14:00,0
2013/04/06 15:00,1
2013/04/06 16:00,1
2013/04/06 17:00,1.5
2013/04/06 18:00,1.5
2013/04/06 19:00,1
2013/04/06 20:00,2
2013/04/06 21:00,0.5
2013/04/06 22:00,0
2013/04/06 23:00,0.5
2013/04/20 0:00,0
2013/04/20 1:00,0
2013/04/20 2:00,0
2013/04/20 3:00,0
2013/04/20 4:00,0
2013/04/20 5:00,0
2013/04/20 6:00,0
2013/04/20 7:00,0.5
2013/04/20 8:00,3
2013/04/20 9:00,2.5
2013/04/20 10:00,1
2013/04/20 11:00,1
2013/04/20 12:00,0
2013/04/20 13:00,0.5
2013/04/20 14:00,0
2013/04/20 15:00,0
2013/04/20 16:00,0
2013/04/20 17:00,0
2013/04/20 18:00,0.5
2013/04/20 19:00,0
2013/04/20 20:00,0
2013/04/20 21:00,0
2013/04/20 22:00,0
2013/04/20 23:00,0
2013/04/23 0:00,0
2013/04/23 1:00,0
2013/04/23 2:00,0
2013/04/23 3:00,0
2013/04/23 4:00,0
2013/04/23 5:00,0
2013/04/23 6:00,0
2013/04/23 7:00,0
2013/04/23 8:00,0
2013/04/23 9:00,0
2013/04/23 10:00,0
2013/04/23 11:00,0
2013/04/23 12:00,0
2013/04/23 13:00,0
2013/04/23 14:00,0
2013/04/23 15:00,0.5
2013/04/23 16:00,0.5
2013/04/23 17:00,0
2013/04/23 18:00,0.5
2013/04/23 19:00,0.5
2013/04/23 20:00,1
2013/04/23 21:00,1.5
2013/04/23 22:00,1
2013/04/23 23:00,0.5
2013/05/09 0:00,0
2013/05/09 1:00,0
2013/05/09 2:00,0
2013/05/09 3:00,0
2013/05/09 4:00,0
2013/05/09 5:00,0
2013/05/09 6:00,0
2013/05/09 7:00,0
2013/05/09 8:00,0
2013/05/09 9:00,0
2013/05/09 10:00,0
2013/05/09 11:00,0
2013/05/09 12:00,0
2013/05/09 13:00,0
2013/05/09 14:00,0
2013/05/09 15:00,0
2013/05/09 16:00,0
2013/05/09 17:00,0
2013/05/09 18:00,0
2013/05/09 19:00,0
2013/05/09 20:00,0
2013/05/09 21:00,0
2013/05/09 22:00,0
2013/05/09 23:00,1
2013/06/18 0:00,0
2013/06/18 1:00,0
2013/06/18 2:00,0
2013/06/18 3:00,11
2013/06/18 4:00,3.5
2013/06/18 5:00,0.5
2013/06/18 6:00,1
2013/06/18 7:00,0
2013/06/18 8:00,0.5
2013/06/18 9:00,0
2013/06/18 10:00,2.5
2013/06/18 11:00,0.5
2013/06/18 12:00,1
2013/06/18 13:00,0
2013/06/18 14:00,0
2013/06/18 15:00,0
2013/06/18 16:00,0
2013/06/18 17:00,0
2013/06/18 18:00,0
2013/06/18 19:00,1
2013/06/18 20:00,2
2013/06/18 21:00,3.5
2013/06/18 22:00,2
2013/06/18 23:00,1
2013/07/02 0:00,0
2013/07/02 1:00,0
2013/07/02 2:00,0
2013/07/02 3:00,0
2013/07/02 4:00,0
2013/07/02 5:00,1
2013/07/02 6:00,4.5
2013/07/02 7:00,0
2013/07/02 8:00,0.5
2013/07/02 9:00,12
2013/07/02 10:00,6
2013/07/02 11:00,0
2013/07/02 12:00,0
2013/07/02 13:00,0
2013/07/02 14:00,0
2013/07/02 15:00,0.5
2013/07/02 16:00,1
2013/07/02 17:00,0.5
2013/07/02 18:00,0
2013/07/02 19:00,2.5
2013/07/02 20:00,5
2013/07/02 21:00,2.5
2013/07/02 22:00,0
2013/07/02 23:00,0
2013/07/04 0:00,0
2013/07/04 1:00,0
2013/07/04 2:00,0
2013/07/04 3:00,0
2013/07/04 4:00,0
2013/07/04 5:00,0
2013/07/04 6:00,0
2013/07/04 7:00,0
2013/07/04 8:00,0
2013/07/04 9:00,0
2013/07/04 10:00,0
2013/07/04 11:00,0
2013/07/04 12:00,0
2013/07/04 13:00,0
2013/07/04 14:00,0
2013/07/04 15:00,0
2013/07/04 16:00,0
2013/07/04 17:00,0
2013/07/04 18:00,3.5
2013/07/04 19:00,26
2013/07/04 20:00,2
2013/07/04 21:00,1
2013/07/04 22:00,0.5
2013/07/04 23:00,0
2013/07/12 0:00,0
2013/07/12 1:00,0
2013/07/12 2:00,0
2013/07/12 3:00,0
2013/07/12 4:00,0
2013/07/12 5:00,0
2013/07/12 6:00,0
2013/07/12 7:00,0
2013/07/12 8:00,0.5
2013/07/12 9:00,1
2013/07/12 10:00,0
2013/07/12 11:00,1
2013/07/12 12:00,0.5
2013/07/12 13:00,0.5
2013/07/12 14:00,1
2013/07/12 15:00,0.5
2013/07/12 16:00,0
2013/07/12 17:00,0
2013/07/12 18:00,0
2013/07/12 19:00,0.5
2013/07/12 20:00,1
2013/07/12 21:00,8
2013/07/12 22:00,4.5
2013/07/12 23:00,16
2013/07/14 0:00,1
2013/07/14 1:00,0
2013/07/14 2:00,0.5
2013/07/14 3:00,0
2013/07/14 4:00,0.5
2013/07/14 5:00,0.5
2013/07/14 6:00,1
2013/07/14 7:00,0.5
2013/07/14 8:00,0.5
2013/07/14 9:00,0.5
2013/07/14 10:00,0
2013/07/14 11:00,0.5
2013/07/14 12:00,0.5
2013/07/14 13:00,0
2013/07/14 14:00,3.5
2013/07/14 15:00,2
2013/07/14 16:00,0
2013/07/14 17:00,6.5
2013/07/14 18:00,1.5
2013/07/14 19:00,0
2013/07/14 20:00,0
2013/07/14 21:00,0
2013/07/14 22:00,0
2013/07/14 23:00,1.5
2013/08/31 0:00,0
2013/08/31 1:00,0
2013/08/31 2:00,0
2013/08/31 3:00,0
2013/08/31 4:00,0
2013/08/31 5:00,0
2013/08/31 6:00,0
2013/08/31 7:00,0
2013/08/31 8:00,0
2013/08/31 9:00,0
2013/08/31 10:00,0
2013/08/31 11:00,0
2013/08/31 12:00,0
2013/08/31 13:00,0
2013/08/31 14:00,0
2013/08/31 15:00,0
2013/08/31 16:00,0
2013/08/31 17:00,0
2013/08/31 18:00,0.5
2013/08/31 19:00,24.5
2013/08/31 20:00,0
2013/08/31 21:00,2
2013/08/31 22:00,0
2013/08/31 23:00,0
2013/09/10 0:00,0
2013/09/10 1:00,0
2013/09/10 2:00,0
2013/09/10 3:00,0
2013/09/10 4:00,0
2013/09/10 5:00,0
2013/09/10 6:00,0
2013/09/10 7:00,0
2013/09/10 8:00,0
2013/09/10 9:00,0
2013/09/10 10:00,0
2013/09/10 11:00,0
2013/09/10 12:00,0
2013/09/10 13:00,0
2013/09/10 14:00,0
2013/09/10 15:00,0
2013/09/10 16:00,0
2013/09/10 17:00,2
2013/09/10 18:00,2.5
2013/09/10 19:00,1.5
2013/09/10 20:00,0
2013/09/10 21:00,0.5
2013/09/10 22:00,1.5
2013/09/10 23:00,1.5
2013/09/11 0:00,0
2013/09/11 1:00,0
2013/09/11 2:00,1
2013/09/11 3:00,2.5
2013/09/11 4:00,4.5
2013/09/11 5:00,2.5
2013/09/11 6:00,15.5
2013/09/11 7:00,3.5
2013/09/11 8:00,9.5
2013/09/11 9:00,2
2013/09/11 10:00,3.5
2013/09/11 11:00,3.5
2013/09/11 12:00,1
2013/09/11 13:00,0.5
2013/09/11 14:00,0
2013/09/11 15:00,0
2013/09/11 16:00,0
2013/09/11 17:00,0
2013/09/11 18:00,0.5
2013/09/11 19:00,0
2013/09/11 20:00,0
2013/09/11 21:00,0
2013/09/11 22:00,0
2013/09/11 23:00,0
2014/04/17 0:00,0
2014/04/17 1:00,0
2014/04/17 2:00,0
2014/04/17 3:00,0
2014/04/17 4:00,0
2014/04/17 5:00,0
2014/04/17 6:00,0
2014/04/17 7:00,0
2014/04/17 8:00,0
2014/04/17 9:00,0
2014/04/17 10:00,0
2014/04/17 11:00,0
2014/04/17 12:00,0
2014/04/17 13:00,0
2014/04/17 14:00,0
2014/04/17 15:00,0
2014/04/17 16:00,0
2014/04/17 17:00,0
2014/04/17 18:00,0
2014/04/17 19:00,0
2014/04/17 20:00,2
2014/04/17 21:00,1
2014/04/17 22:00,0.5
2014/04/17 23:00,0.5
2014/06/11 0:00,0
2014/06/11 1:00,0
2014/06/11 2:00,0
2014/06/11 3:00,0
2014/06/11 4:00,0
2014/06/11 5:00,1
2014/06/11 6:00,0
2014/06/11 7:00,0
2014/06/11 8:00,0
2014/06/11 9:00,0
2014/06/11 10:00,0
2014/06/11 11:00,0
2014/06/11 12:00,0
2014/06/11 13:00,0
2014/06/11 14:00,0
2014/06/11 15:00,0
2014/06/11 16:00,3.5
2014/06/11 17:00,0
2014/06/11 18:00,0
2014/06/11 19:00,0
2014/06/11 20:00,0
2014/06/11 21:00,0
2014/06/11 22:00,0
2014/06/11 23:00,1.5
2014/07/22 0:00,0
2014/07/22 1:00,0
2014/07/22 2:00,0
2014/07/22 3:00,0
2014/07/22 4:00,0
2014/07/22 5:00,0
2014/07/22 6:00,0
2014/07/22 7:00,0
2014/07/22 8:00,0
2014/07/22 9:00,0
2014/07/22 10:00,0
2014/07/22 11:00,0
2014/07/22 12:00,0
2014/07/22 13:00,0
2014/07/22 14:00,0
2014/07/22 15:00,0
2014/07/22 16:00,0
2014/07/22 17:00,0
2014/07/22 18:00,0
2014/07/22 19:00,0
2014/07/22 20:00,3
2014/07/22 21:00,1
2014/07/22 22:00,0
2014/07/22 23:00,0.5
2014/07/23 0:00,0
2014/07/23 1:00,0
2014/07/23 2:00,1
2014/07/23 3:00,0.5
2014/07/23 4:00,0.5
2014/07/23 5:00,1
2014/07/23 6:00,1.5
2014/07/23 7:00,0.5
2014/07/23 8:00,9
2014/07/23 9:00,2.5
2014/07/23 10:00,0
2014/07/23 11:00,0
2014/07/23 12:00,0
2014/07/23 13:00,0
2014/07/23 14:00,0
2014/07/23 15:00,0
2014/07/23 16:00,6.5
2014/07/23 17:00,8.5
2014/07/23 18:00,0
2014/07/23 19:00,0
2014/07/23 20:00,0
2014/07/23 21:00,0.5
2014/07/23 22:00,1.5
2014/07/23 23:00,2
2014/07/25 0:00,2
2014/07/25 1:00,5
2014/07/25 2:00,12
2014/07/25 3:00,1.5
2014/07/25 4:00,0
2014/07/25 5:00,0
2014/07/25 6:00,0
2014/07/25 7:00,0
2014/07/25 8:00,0
2014/07/25 9:00,0
2014/07/25 10:00,0
2014/07/25 11:00,0
2014/07/25 12:00,0
2014/07/25 13:00,0
2014/07/25 14:00,0
2014/07/25 15:00,0
2014/07/25 16:00,0
2014/07/25 17:00,0
2014/07/25 18:00,0
2014/07/25 19:00,0
2014/07/25 20:00,0
2014/07/25 21:00,5.5
2014/07/25 22:00,4
2014/07/25 23:00,1
2014/08/03 0:00,0
2014/08/03 1:00,0
2014/08/03 2:00,0.5
2014/08/03 3:00,0
2014/08/03 4:00,1
2014/08/03 5:00,1.5
2014/08/03 6:00,1
2014/08/03 7:00,0
2014/08/03 8:00,0
2014/08/03 9:00,0
2014/08/03 10:00,0
2014/08/03 11:00,0
2014/08/03 12:00,0
2014/08/03 13:00,0
2014/08/03 14:00,0
2014/08/03 15:00,0
2014/08/03 16:00,0.5
2014/08/03 17:00,2
2014/08/03 18:00,0.5
2014/08/03 19:00,1
2014/08/03 20:00,1.5
2014/08/03 21:00,1.5
2014/08/03 22:00,0
2014/08/03 23:00,0
2014/08/06 0:00,0
2014/08/06 1:00,0
2014/08/06 2:00,0
2014/08/06 3:00,0
2014/08/06 4:00,0
2014/08/06 5:00,0
2014/08/06 6:00,0
2014/08/06 7:00,0
2014/08/06 8:00,0
2014/08/06 9:00,0
2014/08/06 10:00,0
2014/08/06 11:00,0
2014/08/06 12:00,0
2014/08/06 13:00,0
2014/08/06 14:00,0
2014/08/06 15:00,0
2014/08/06 16:00,3
2014/08/06 17:00,6.5
2014/08/06 18:00,2.5
2014/08/06 19:00,1
2014/08/06 20:00,0.5
2014/08/06 21:00,0.5
2014/08/06 22:00,0
2014/08/06 23:00,0
2014/08/10 0:00,0
2014/08/10 1:00,0
2014/08/10 2:00,0
2014/08/10 3:00,0
2014/08/10 4:00,0
2014/08/10 5:00,0
2014/08/10 6:00,0
2014/08/10 7:00,0
2014/08/10 8:00,0
2014/08/10 9:00,0
2014/08/10 10:00,0
2014/08/10 11:00,0
2014/08/10 12:00,0
2014/08/10 13:00,0
2014/08/10 14:00,0
2014/08/10 15:00,0
2014/08/10 16:00,0
2014/08/10 17:00,1.5
2014/08/10 18:00,19.5
2014/08/10 19:00,6.5
2014/08/10 20:00,3
2014/08/10 21:00,0
2014/08/10 22:00,0
2014/08/10 23:00,0
2014/08/14 0:00,0
2014/08/14 1:00,0
2014/08/14 2:00,0
2014/08/14 3:00,0
2014/08/14 4:00,0
2014/08/14 5:00,0
2014/08/14 6:00,0
2014/08/14 7:00,0
2014/08/14 8:00,0
2014/08/14 9:00,0
2014/08/14 10:00,0
2014/08/14 11:00,0
2014/08/14 12:00,0
2014/08/14 13:00,0
2014/08/14 14:00,1.5
2014/08/14 15:00,0
2014/08/14 16:00,0.5
2014/08/14 17:00,0
2014/08/14 18:00,0
2014/08/14 19:00,0.5
2014/08/14 20:00,0
2014/08/14 21:00,0
2014/08/14 22:00,0
2014/08/14 23:00,0
2014/08/21 0:00,0
2014/08/21 1:00,0
2014/08/21 2:00,1
2014/08/21 3:00,3
2014/08/21 4:00,2
2014/08/21 5:00,1.5
2014/08/21 6:00,0.5
2014/08/21 7:00,3.5
2014/08/21 8:00,6
2014/08/21 9:00,11
2014/08/21 10:00,26.5
2014/08/21 11:00,38.5
2014/08/21 12:00,2.5
2014/08/21 13:00,0.5
2014/08/21 14:00,2
2014/08/21 15:00,0
2014/08/21 16:00,0
2014/08/21 17:00,0
2014/08/21 18:00,0.5
2014/08/21 19:00,0
2014/08/21 20:00,0
2014/08/21 21:00,0
2014/08/21 22:00,0
2014/08/21 23:00,0
2014/08/26 0:00,0
2014/08/26 1:00,0
2014/08/26 2:00,0
2014/08/26 3:00,0
2014/08/26 4:00,0
2014/08/26 5:00,0
2014/08/26 6:00,0
2014/08/26 7:00,0
2014/08/26 8:00,0
2014/08/26 9:00,0
2014/08/26 10:00,0
2014/08/26 11:00,0
2014/08/26 12:00,0
2014/08/26 13:00,0
2014/08/26 14:00,0
2014/08/26 15:00,0
2014/08/26 16:00,0
2014/08/26 17:00,0
2014/08/26 18:00,0
2014/08/26 19:00,1.5
2014/08/26 20:00,21
2014/08/26 21:00,0.5
2014/08/26 22:00,0.5
2014/08/26 23:00,0
2014/09/02 0:00,0
2014/09/02 1:00,0
2014/09/02 2:00,0
2014/09/02 3:00,0
2014/09/02 4:00,0
2014/09/02 5:00,0
2014/09/02 6:00,0
2014/09/02 7:00,0
2014/09/02 8:00,0
2014/09/02 9:00,0
2014/09/02 10:00,0
2014/09/02 11:00,0
2014/09/02 12:00,0
2014/09/02 13:00,0
2014/09/02 14:00,0
2014/09/02 15:00,0
2014/09/02 16:00,0
2014/09/02 17:00,0
2014/09/02 18:00,0
2014/09/02 19:00,0
2014/09/02 20:00,0.5
2014/09/02 21:00,0.5
2014/09/02 22:00,0.5
2014/09/02 23:00,1
2014/09/03 0:00,3
2014/09/03 1:00,12.5
2014/09/03 2:00,9.5
2014/09/03 3:00,5.5
2014/09/03 4:00,7.5
2014/09/03 5:00,1.5
2014/09/03 6:00,0.5
2014/09/03 7:00,1.5
2014/09/03 8:00,3
2014/09/03 9:00,3.5
2014/09/03 10:00,0.5
2014/09/03 11:00,0.5
2014/09/03 12:00,4
2014/09/03 13:00,2
2014/09/03 14:00,0.5
2014/09/03 15:00,2.5
2014/09/03 16:00,1
2014/09/03 17:00,0
2014/09/03 18:00,0
2014/09/03 19:00,0
2014/09/03 20:00,0
2014/09/03 21:00,0
2014/09/03 22:00,0
2014/09/03 23:00,0
2015/04/02 0:00,0
2015/04/02 1:00,0
2015/04/02 2:00,0
2015/04/02 3:00,0
2015/04/02 4:00,0
2015/04/02 5:00,0
2015/04/02 6:00,0
2015/04/02 7:00,0
2015/04/02 8:00,0
2015/04/02 9:00,0
2015/04/02 10:00,0
2015/04/02 11:00,0
2015/04/02 12:00,0
2015/04/02 13:00,0
2015/04/02 14:00,0
2015/04/02 15:00,0
2015/04/02 16:00,0
2015/04/02 17:00,0
2015/04/02 18:00,0
2015/04/02 19:00,0.5
2015/04/02 20:00,1
2015/04/02 21:00,4.5
2015/04/02 22:00,24
2015/04/02 23:00,2.5
2015/04/14 0:00,0
2015/04/14 1:00,0
2015/04/14 2:00,0.5
2015/04/14 3:00,0
2015/04/14 4:00,0.5
2015/04/14 5:00,0
2015/04/14 6:00,0
2015/04/14 7:00,1
2015/04/14 8:00,2.5
2015/04/14 9:00,1
2015/04/14 10:00,2
2015/04/14 11:00,1
2015/04/14 12:00,0.5
2015/04/14 13:00,0.5
2015/04/14 14:00,0.5
2015/04/14 15:00,0
2015/04/14 16:00,0
2015/04/14 17:00,0
2015/04/14 18:00,0
2015/04/14 19:00,0
2015/04/14 20:00,0
2015/04/14 21:00,0
2015/04/14 22:00,0
2015/04/14 23:00,0
2015/04/19 0:00,0
2015/04/19 1:00,0
2015/04/19 2:00,0
2015/04/19 3:00,0
2015/04/19 4:00,0
2015/04/19 5:00,0
2015/04/19 6:00,0
2015/04/19 7:00,0
2015/04/19 8:00,0
2015/04/19 9:00,0
2015/04/19 10:00,0
2015/04/19 11:00,2.5
2015/04/19 12:00,3.5
2015/04/19 13:00,1.5
2015/04/19 14:00,0.5
2015/04/19 15:00,1
2015/04/19 16:00,0
2015/04/19 17:00,0
2015/04/19 18:00,0
2015/04/19 19:00,0
2015/04/19 20:00,1
2015/04/19 21:00,0
2015/04/19 22:00,0.5
2015/04/19 23:00,0
2015/04/29 0:00,0
2015/04/29 1:00,0
2015/04/29 2:00,0
2015/04/29 3:00,0
2015/04/29 4:00,0
2015/04/29 5:00,0
2015/04/29 6:00,0
2015/04/29 7:00,0.5
2015/04/29 8:00,1
2015/04/29 9:00,0
2015/04/29 10:00,0
2015/04/29 11:00,0
2015/04/29 12:00,0.5
2015/04/29 13:00,0
2015/04/29 14:00,0.5
2015/04/29 15:00,0
2015/04/29 16:00,0.5
2015/04/29 17:00,1
2015/04/29 18:00,0
2015/04/29 19:00,0
2015/04/29 20:00,0
2015/04/29 21:00,0
2015/04/29 22:00,0
2015/04/29 23:00,0
2015/05/12 0:00,1
2015/05/12 1:00,2
2015/05/12 2:00,3.5
2015/05/12 3:00,1.5
2015/05/12 4:00,0
2015/05/12 5:00,1
2015/05/12 6:00,0.5
2015/05/12 7:00,0
2015/05/12 8:00,0
2015/05/12 9:00,0
2015/05/12 10:00,0
2015/05/12 11:00,0
2015/05/12 12:00,0
2015/05/12 13:00,0
2015/05/12 14:00,0
2015/05/12 15:00,0
2015/05/12 16:00,0
2015/05/12 17:00,0
2015/05/12 18:00,0
2015/05/12 19:00,1.5
2015/05/12 20:00,0
2015/05/12 21:00,0
2015/05/12 22:00,0
2015/05/12 23:00,0
2015/05/19 0:00,0
2015/05/19 1:00,0
2015/05/19 2:00,0
2015/05/19 3:00,0
2015/05/19 4:00,0
2015/05/19 5:00,0
2015/05/19 6:00,0
2015/05/19 7:00,0
2015/05/19 8:00,0
2015/05/19 9:00,0
2015/05/19 10:00,0
2015/05/19 11:00,0
2015/05/19 12:00,0
2015/05/19 13:00,0
2015/05/19 14:00,0
2015/05/19 15:00,0
2015/05/19 16:00,0
2015/05/19 17:00,0
2015/05/19 18:00,0.5
2015/05/19 19:00,0
2015/05/19 20:00,0
2015/05/19 21:00,0
2015/05/19 22:00,0
2015/05/19 23:00,0
2015/06/20 0:00,0
2015/06/20 1:00,0
2015/06/20 2:00,0
2015/06/20 3:00,0
2015/06/20 4:00,0
2015/06/20 5:00,0
2015/06/20 6:00,0
2015/06/20 7:00,0
2015/06/20 8:00,0
2015/06/20 9:00,0
2015/06/20 10:00,0
2015/06/20 11:00,0
2015/06/20 12:00,0.5
2015/06/20 13:00,28.5
2015/06/20 14:00,38.5
2015/06/20 15:00,2.5
2015/06/20 16:00,2
2015/06/20 17:00,0.5
2015/06/20 18:00,0.5
2015/06/20 19:00,0
2015/06/20 20:00,0.5
2015/06/20 21:00,0
2015/06/20 22:00,0
2015/06/20 23:00,0
2015/06/30 0:00,0
2015/06/30 1:00,0
2015/06/30 2:00,0
2015/06/30 3:00,0
2015/06/30 4:00,0
2015/06/30 5:00,0
2015/06/30 6:00,0
2015/06/30 7:00,0
2015/06/30 8:00,0
2015/06/30 9:00,0
2015/06/30 10:00,0
2015/06/30 11:00,0
2015/06/30 12:00,0
2015/06/30 13:00,0
2015/06/30 14:00,0
2015/06/30 15:00,0
2015/06/30 16:00,0
2015/06/30 17:00,0
2015/06/30 18:00,0.5
2015/06/30 19:00,1
2015/06/30 20:00,0
2015/06/30 21:00,0.5
2015/06/30 22:00,0
2015/06/30 23:00,0
2015/07/12 0:00,0
2015/07/12 1:00,0
2015/07/12 2:00,1.5
2015/07/12 3:00,0.5
2015/07/12 4:00,1
2015/07/12 5:00,0
2015/07/12 6:00,1.5
2015/07/12 7:00,1
2015/07/12 8:00,0
2015/07/12 9:00,0
2015/07/12 10:00,0.5
2015/07/12 11:00,2.5
2015/07/12 12:00,4
2015/07/12 13:00,1
2015/07/12 14:00,1
2015/07/12 15:00,0.5
2015/07/12 16:00,0
2015/07/12 17:00,0.5
2015/07/12 18:00,2
2015/07/12 19:00,2
2015/07/12 20:00,2.5
2015/07/12 21:00,0
2015/07/12 22:00,0
2015/07/12 23:00,0
2015/07/23 0:00,0
2015/07/23 1:00,0
2015/07/23 2:00,0
2015/07/23 3:00,0
2015/07/23 4:00,0
2015/07/23 5:00,0
2015/07/23 6:00,0
2015/07/23 7:00,0
2015/07/23 8:00,0
2015/07/23 9:00,0
2015/07/23 10:00,0
2015/07/23 11:00,0
2015/07/23 12:00,0
2015/07/23 13:00,0
2015/07/23 14:00,0
2015/07/23 15:00,0
2015/07/23 16:00,1
2015/07/23 17:00,1
2015/07/23 18:00,0
2015/07/23 19:00,8.5
2015/07/23 20:00,2.5
2015/07/23 21:00,2
2015/07/23 22:00,0
2015/07/24 11:00,0.5
2015/07/24 12:00,1.5
2015/07/24 13:00,1
2015/07/24 14:00,0
2015/07/24 15:00,1.5
2015/07/24 16:00,1.5
2015/07/24 17:00,0.5
2015/07/24 18:00,0
2015/07/24 19:00,0.5
2015/07/24 20:00,0
2015/07/24 21:00,0
2015/07/24 22:00,0
2015/07/24 23:00,0
2015/07/25 0:00,0
2015/07/25 1:00,0
2015/07/25 2:00,0.5
2015/07/25 3:00,1.5
2015/07/25 4:00,0
2015/07/25 5:00,23.5
2015/07/25 6:00,7
2015/07/25 7:00,0
2015/07/25 8:00,0
2015/07/25 9:00,0
2015/07/25 10:00,0
2015/07/25 11:00,0
2015/07/25 12:00,0
2015/07/25 13:00,0
2015/07/25 14:00,0
2015/07/25 15:00,1
2015/07/25 16:00,2
2015/07/25 17:00,0
2015/07/25 18:00,2
2015/07/25 19:00,2
2015/07/25 20:00,0
2015/07/25 21:00,0
2015/07/25 22:00,0
2015/07/25 23:00,0
2015/08/16 0:00,0
2015/08/16 1:00,0
2015/08/16 2:00,0
2015/08/16 3:00,0
2015/08/16 4:00,0
2015/08/16 5:00,0
2015/08/16 6:00,0
2015/08/16 7:00,0
2015/08/16 8:00,0
2015/08/16 9:00,0
2015/08/16 10:00,0
2015/08/16 11:00,0
2015/08/16 12:00,0
2015/08/16 13:00,0
2015/08/16 14:00,0
2015/08/16 15:00,0
2015/08/16 16:00,0
2015/08/16 17:00,0
2015/08/16 18:00,0
2015/08/16 19:00,7.5
2015/08/16 20:00,12
2015/08/16 21:00,7
2015/08/16 22:00,3
2015/08/16 23:00,1
2015/08/25 0:00,0
2015/08/25 1:00,0
2015/08/25 2:00,0
2015/08/25 3:00,0
2015/08/25 4:00,0
2015/08/25 5:00,0
2015/08/25 6:00,0
2015/08/25 7:00,0
2015/08/25 8:00,0
2015/08/25 9:00,0
2015/08/25 10:00,0.5
2015/08/25 11:00,0.5
2015/08/25 12:00,0.5
2015/08/25 13:00,1
2015/08/25 14:00,0
2015/08/25 15:00,0.5
2015/08/25 16:00,0
2015/08/25 17:00,1
2015/08/25 18:00,1
2015/08/25 19:00,1
2015/08/25 20:00,0
2015/08/25 21:00,0
2015/08/25 22:00,0
2015/08/25 23:00,0
2015/09/11 0:00,0
2015/09/11 1:00,0
2015/09/11 2:00,0
2015/09/11 3:00,0
2015/09/11 4:00,0
2015/09/11 5:00,0
2015/09/11 6:00,0
2015/09/11 7:00,0
2015/09/11 8:00,0
2015/09/11 9:00,0
2015/09/11 10:00,0
2015/09/11 11:00,0
2015/09/11 12:00,0
2015/09/11 13:00,0
2015/09/11 14:00,0
2015/09/11 15:00,0
2015/09/11 16:00,0
2015/09/11 17:00,0
2015/09/11 18:00,0
2015/09/11 19:00,0
2015/09/11 20:00,1
2015/09/11 21:00,1
2015/09/11 22:00,0.5
2015/09/11 23:00,0.5
2016/04/03 0:00,0
2016/04/03 1:00,0
2016/04/03 2:00,0
2016/04/03 3:00,0
2016/04/03 4:00,0
2016/04/03 5:00,0
2016/04/03 6:00,0
2016/04/03 7:00,0
2016/04/03 8:00,0
2016/04/03 9:00,0
2016/04/03 10:00,0
2016/04/03 11:00,0
2016/04/03 12:00,1.5
2016/04/03 13:00,0.5
2016/04/03 14:00,0
2016/04/03 15:00,0
2016/04/03 16:00,0.5
2016/04/03 17:00,0
2016/04/03 18:00,0.5
2016/04/03 19:00,0
2016/04/03 20:00,0
2016/04/03 21:00,0
2016/04/03 22:00,0
2016/04/03 23:00,0
2016/04/16 0:00,0
2016/04/16 1:00,0
2016/04/16 2:00,0
2016/04/16 3:00,0
2016/04/16 4:00,0
2016/04/16 5:00,0
2016/04/16 6:00,0
2016/04/16 7:00,0
2016/04/16 8:00,0
2016/04/16 9:00,0
2016/04/16 10:00,0
2016/04/16 11:00,0
2016/04/16 12:00,0
2016/04/16 13:00,0
2016/04/16 14:00,0
2016/04/16 15:00,0
2016/04/16 16:00,0
2016/04/16 17:00,0
2016/04/16 18:00,0
2016/04/16 19:00,3.5
2016/04/16 20:00,4
2016/04/16 21:00,7
2016/04/16 22:00,4
2016/04/16 23:00,4
2016/05/03 0:00,6
2016/05/03 1:00,0.5
2016/05/03 2:00,1
2016/05/03 3:00,2.5
2016/05/03 4:00,6
2016/05/03 5:00,1
2016/05/03 6:00,2
2016/05/03 7:00,3
2016/05/03 8:00,3
2016/05/03 9:00,2.5
2016/05/03 10:00,4
2016/05/03 11:00,3.5
2016/05/03 12:00,0
2016/05/03 13:00,0
2016/05/03 14:00,0.5
2016/05/03 15:00,1.5
2016/05/03 16:00,0.5
2016/05/03 17:00,0
2016/05/03 18:00,0
2016/05/03 19:00,0.5
2016/05/03 20:00,1
2016/05/03 21:00,1
2016/05/03 22:00,1.5
2016/05/03 23:00,1.5
2016/05/15 0:00,0
2016/05/15 1:00,0
2016/05/15 2:00,0
2016/05/15 3:00,0
2016/05/15 4:00,0
2016/05/15 5:00,0
2016/05/15 6:00,0
2016/05/15 7:00,0
2016/05/15 8:00,0
2016/05/15 9:00,0
2016/05/15 10:00,0
2016/05/15 11:00,0
2016/05/15 12:00,0
2016/05/15 13:00,0
2016/05/15 14:00,0
2016/05/15 15:00,0
2016/05/15 16:00,1.5
2016/05/15 17:00,3.5
2016/05/15 18:00,12
2016/05/15 19:00,4.5
2016/05/15 20:00,4
2016/05/15 21:00,5.5
2016/05/15 22:00,3.5
2016/05/15 23:00,2
2016/06/15 0:00,0
2016/06/15 1:00,0
2016/06/15 2:00,0
2016/06/15 3:00,0
2016/06/15 4:00,0
2016/06/15 5:00,0
2016/06/15 6:00,0
2016/06/15 7:00,5.5
2016/06/15 8:00,3.5
2016/06/15 9:00,0
2016/06/15 10:00,0
2016/06/15 11:00,0
2016/06/15 12:00,0
2016/06/15 13:00,0
2016/06/15 14:00,4.5
2016/06/15 15:00,8.5
2016/06/15 16:00,2.5
2016/06/15 17:00,1
2016/06/15 18:00,0.5
2016/06/15 19:00,0
2016/06/15 20:00,0
2016/06/15 21:00,0
2016/06/15 22:00,0
2016/06/15 23:00,0
2016/06/22 0:00,0
2016/06/22 1:00,0
2016/06/22 2:00,0
2016/06/22 3:00,0
2016/06/22 4:00,0
2016/06/22 5:00,0
2016/06/22 6:00,0
2016/06/22 7:00,0
2016/06/22 8:00,0
2016/06/22 9:00,0
2016/06/22 10:00,0
2016/06/22 11:00,0
2016/06/22 12:00,0
2016/06/22 13:00,0
2016/06/22 14:00,2.5
2016/06/22 15:00,2.5
2016/06/22 16:00,0
2016/06/22 17:00,3.5
2016/06/22 18:00,1
2016/06/22 19:00,0.5
2016/06/22 20:00,0
2016/06/22 21:00,0
2016/06/22 22:00,0
2016/06/22 23:00,0
2016/07/01 0:00,0
2016/07/01 1:00,0
2016/07/01 2:00,0.5
2016/07/01 3:00,0
2016/07/01 4:00,0
2016/07/01 5:00,0
2016/07/01 6:00,0
2016/07/01 7:00,0
2016/07/01 8:00,0
2016/07/01 9:00,0
2016/07/01 10:00,0
2016/07/01 11:00,0
2016/07/01 12:00,0
2016/07/01 13:00,0.5
2016/07/01 14:00,1
2016/07/01 15:00,4.5
2016/07/01 16:00,2.5
2016/07/01 17:00,1
2016/07/01 18:00,5
2016/07/01 19:00,17.5
2016/07/01 20:00,9
2016/07/01 21:00,15.5
2016/07/01 22:00,10.5
2016/07/01 23:00,25
2016/07/05 0:00,3.5
2016/07/05 1:00,4.5
2016/07/05 2:00,1
2016/07/05 3:00,0
2016/07/05 4:00,0.5
2016/07/05 5:00,0.5
2016/07/05 6:00,1.5
2016/07/05 7:00,5
2016/07/05 8:00,1.5
2016/07/05 9:00,11.5
2016/07/05 10:00,23.5
2016/07/05 11:00,49
2016/07/05 12:00,0
2016/07/05 13:00,4
2016/07/05 14:00,3.5
2016/07/05 15:00,1.5
2016/07/05 16:00,0.5
2016/07/05 17:00,2.5
2016/07/05 18:00,2.5
2016/07/05 19:00,1
2016/07/05 20:00,0
2016/07/05 21:00,0
2016/07/05 22:00,0
2016/07/05 23:00,1.5
2016/08/25 0:00,0
2016/08/25 1:00,0
2016/08/25 2:00,0
2016/08/25 3:00,0
2016/08/25 4:00,0
2016/08/25 5:00,0
2016/08/25 6:00,0
2016/08/25 7:00,0
2016/08/25 8:00,0
2016/08/25 9:00,0
2016/08/25 10:00,0
2016/08/25 11:00,0
2016/08/25 12:00,0
2016/08/25 13:00,0
2016/08/25 14:00,0
2016/08/25 15:00,0
2016/08/25 16:00,0
2016/08/25 17:00,0
2016/08/25 18:00,0
2016/08/25 19:00,0
2016/08/25 20:00,0
2016/08/25 21:00,3
2016/08/25 22:00,0
2016/08/25 23:00,0
2016/08/31 0:00,0
2016/08/31 1:00,0
2016/08/31 2:00,0
2016/08/31 3:00,0
2016/08/31 4:00,0
2016/08/31 5:00,0.5
2016/08/31 6:00,1.5
2016/08/31 7:00,0.5
2016/08/31 8:00,0.5
2016/08/31 9:00,1.5
2016/08/31 10:00,1
2016/08/31 11:00,2
2016/08/31 12:00,3
2016/08/31 13:00,3
2016/08/31 14:00,2.5
2016/08/31 15:00,2
2016/08/31 16:00,2
2016/08/31 17:00,0.5
2016/08/31 18:00,0
2016/08/31 19:00,0
2016/08/31 20:00,0
2016/08/31 21:00,0
2016/08/31 22:00,0
2016/08/31 23:00,0
2017/04/05 0:00,0
2017/04/05 1:00,0
2017/04/05 2:00,0
2017/04/05 3:00,0
2017/04/05 4:00,0
2017/04/05 5:00,0
2017/04/05 6:00,0
2017/04/05 7:00,0
2017/04/05 8:00,0
2017/04/05 9:00,0
2017/04/05 10:00,0
2017/04/05 11:00,0
2017/04/05 12:00,0
2017/04/05 13:00,0
2017/04/05 14:00,0
2017/04/05 15:00,0.5
2017/04/05 16:00,2.5
2017/04/05 17:00,3.5
2017/04/05 18:00,3
2017/04/05 19:00,2.5
2017/04/05 20:00,2.5
2017/04/05 21:00,3
2017/04/05 22:00,3.5
2017/04/05 23:00,6
2017/05/09 0:00,0
2017/05/09 1:00,0
2017/05/09 2:00,0
2017/05/09 3:00,0
2017/05/09 4:00,0
2017/05/09 5:00,0
2017/05/09 6:00,0
2017/05/09 7:00,0
2017/05/09 8:00,0
2017/05/09 9:00,0
2017/05/09 10:00,0
2017/05/09 11:00,0
2017/05/09 12:00,0
2017/05/09 13:00,0
2017/05/09 14:00,0
2017/05/09 15:00,0
2017/05/09 16:00,0
2017/05/09 17:00,0
2017/05/09 18:00,1.5
2017/05/09 19:00,0.5
2017/05/09 20:00,0
2017/05/09 21:00,0
2017/05/09 22:00,0
2017/05/09 23:00,0
2017/05/23 0:00,0
2017/05/23 1:00,0
2017/05/23 2:00,0
2017/05/23 3:00,0
2017/05/23 4:00,0
2017/05/23 5:00,0
2017/05/23 6:00,0
2017/05/23 7:00,0
2017/05/23 8:00,0
2017/05/23 9:00,0
2017/05/23 10:00,0
2017/05/23 11:00,0
2017/05/23 12:00,0
2017/05/23 13:00,0
2017/05/23 14:00,0
2017/05/23 15:00,0
2017/05/23 16:00,0
2017/05/23 17:00,0
2017/05/23 18:00,0
2017/05/23 19:00,0
2017/05/23 20:00,5.5
2017/05/23 21:00,0
2017/05/23 22:00,0
2017/05/23 23:00,0
2017/07/06 0:00,0
2017/07/06 1:00,0
2017/07/06 2:00,0
2017/07/06 3:00,0
2017/07/06 4:00,0
2017/07/06 5:00,0
2017/07/06 6:00,0
2017/07/06 7:00,0
2017/07/06 8:00,0
2017/07/06 9:00,0
2017/07/06 10:00,0
2017/07/06 11:00,0
2017/07/06 12:00,0
2017/07/06 13:00,0
2017/07/06 14:00,0
2017/07/06 15:00,0
2017/07/06 16:00,0
2017/07/06 17:00,0
2017/07/06 18:00,1
2017/07/06 19:00,1.5
2017/07/06 20:00,0
2017/07/06 21:00,0
2017/07/06 22:00,0
2017/07/06 23:00,0
2017/07/07 0:00,0
2017/07/07 1:00,0
2017/07/07 2:00,0
2017/07/07 3:00,0
2017/07/07 4:00,0
2017/07/07 5:00,0
2017/07/07 6:00,0
2017/07/07 7:00,0
2017/07/07 8:00,0
2017/07/07 9:00,0
2017/07/07 10:00,0
2017/07/07 11:00,1
2017/07/07 12:00,1
2017/07/07 13:00,0
2017/07/07 14:00,0
2017/07/07 15:00,0
2017/07/07 16:00,0
2017/07/07 17:00,0
2017/07/07 18:00,0
2017/07/07 19:00,1
2017/07/07 20:00,1.5
2017/07/07 21:00,6.5
2017/07/07 22:00,2
2017/07/07 23:00,0
2017/08/15 0:00,0
2017/08/15 1:00,0
2017/08/15 2:00,0
2017/08/15 3:00,0
2017/08/15 4:00,0
2017/08/15 5:00,4.5
2017/08/15 6:00,3.5
2017/08/15 7:00,0.5
2017/08/15 8:00,2
2017/08/15 9:00,0
2017/08/15 10:00,0.5
2017/08/15 11:00,17.5
2017/08/15 12:00,19.5
2017/08/15 13:00,12.5
2017/08/15 14:00,6
2017/08/15 15:00,2.5
2017/08/15 16:00,1
2017/08/15 17:00,1.5
2017/08/15 18:00,1
2017/08/15 19:00,2
2017/08/15 20:00,0
2017/08/15 21:00,1
2017/08/15 22:00,0
2017/08/15 23:00,0
2017/08/20 0:00,0
2017/08/20 1:00,11.5
2017/08/20 2:00,6.5
2017/08/20 3:00,1.5
2017/08/20 4:00,2
2017/08/20 5:00,5.5
2017/08/20 6:00,1.5
2017/08/20 7:00,3
2017/08/20 8:00,6.5
2017/08/20 9:00,13.5
2017/08/20 10:00,10
2017/08/20 11:00,0.5
2017/08/20 12:00,0.5
2017/08/20 13:00,0
2017/08/20 14:00,1
2017/08/20 15:00,0
2017/08/20 16:00,0
2017/08/20 17:00,0
2017/08/20 18:00,0
2017/08/20 19:00,1.5
2017/08/20 20:00,0
2017/08/20 21:00,1.5
2017/08/20 22:00,10
2017/08/20 23:00,25
2018/04/05 0:00,0
2018/04/05 1:00,0
2018/04/05 2:00,0
2018/04/05 3:00,0
2018/04/05 4:00,0
2018/04/05 5:00,0
2018/04/05 6:00,1
2018/04/05 7:00,2
2018/04/05 8:00,3
2018/04/05 9:00,0
2018/04/05 10:00,0.5
2018/04/05 11:00,0
2018/04/05 12:00,0.5
2018/04/05 13:00,0
2018/04/05 14:00,0
2018/04/05 15:00,0.5
2018/04/05 16:00,1
2018/04/05 17:00,1
2018/04/05 18:00,0.5
2018/04/05 19:00,0.5
2018/04/05 20:00,1
2018/04/05 21:00,1.5
2018/04/05 22:00,0.5
2018/04/05 23:00,0.5
2018/05/02 0:00,0
2018/05/02 1:00,0
2018/05/02 2:00,0
2018/05/02 3:00,0
2018/05/02 4:00,0
2018/05/02 5:00,0
2018/05/02 6:00,0
2018/05/02 7:00,1
2018/05/02 8:00,0.5
2018/05/02 9:00,0
2018/05/02 10:00,0
2018/05/02 11:00,0
2018/05/02 12:00,0.5
2018/05/02 13:00,1.5
2018/05/02 14:00,0
2018/05/02 15:00,0
2018/05/02 16:00,0
2018/05/02 17:00,0.5
2018/05/02 18:00,0
2018/05/02 19:00,0
2018/05/02 20:00,0.5
2018/05/02 21:00,0
2018/05/02 22:00,0
2018/05/02 23:00,1
2018/05/12 0:00,0
2018/05/12 1:00,0
2018/05/12 2:00,0
2018/05/12 3:00,0
2018/05/12 4:00,0
2018/05/12 5:00,0
2018/05/12 6:00,0
2018/05/12 7:00,0.5
2018/05/12 8:00,1.5
2018/05/12 9:00,3
2018/05/12 10:00,4.5
2018/05/12 11:00,3.5
2018/05/12 12:00,3
2018/05/12 13:00,3
2018/05/12 14:00,2
2018/05/12 15:00,2
2018/05/12 16:00,1
2018/05/12 17:00,1.5
2018/05/12 18:00,1.5
2018/05/12 19:00,2
2018/05/12 20:00,1.5
2018/05/12 21:00,0.5
2018/05/12 22:00,0.5
2018/05/12 23:00,1
2018/05/17 0:00,0
2018/05/17 1:00,0.5
2018/05/17 2:00,0
2018/05/17 3:00,2.5
2018/05/17 4:00,22.5
2018/05/17 5:00,0
2018/05/17 6:00,0.5
2018/05/17 7:00,0.5
2018/05/17 8:00,8
2018/05/17 9:00,9
2018/05/17 10:00,1.5
2018/05/17 11:00,0
2018/05/17 12:00,0
2018/05/17 13:00,0
2018/05/17 14:00,0
2018/05/17 15:00,0
2018/05/17 16:00,0
2018/05/17 17:00,4
2018/05/17 18:00,2.5
2018/05/17 19:00,0.5
2018/05/17 20:00,3.5
2018/05/17 21:00,4.5
2018/05/17 22:00,20
2018/05/17 23:00,8
2018/05/29 0:00,0
2018/05/29 1:00,0
2018/05/29 2:00,0
2018/05/29 3:00,0
2018/05/29 4:00,0
2018/05/29 5:00,0
2018/05/29 6:00,0
2018/05/29 7:00,0
2018/05/29 8:00,0
2018/05/29 9:00,0
2018/05/29 10:00,0
2018/05/29 11:00,0
2018/05/29 12:00,0
2018/05/29 13:00,0
2018/05/29 14:00,0
2018/05/29 15:00,0
2018/05/29 16:00,0
2018/05/29 17:00,0
2018/05/29 18:00,0
2018/05/29 19:00,0
2018/05/29 20:00,1.5
2018/05/29 21:00,1
2018/05/29 22:00,0
2018/05/29 23:00,0
2018/06/26 0:00,0
2018/06/26 1:00,0
2018/06/26 2:00,0
2018/06/26 3:00,0
2018/06/26 4:00,0
2018/06/26 5:00,0
2018/06/26 6:00,1
2018/06/26 7:00,0.5
2018/06/26 8:00,3.5
2018/06/26 9:00,6
2018/06/26 10:00,3.5
2018/06/26 11:00,15.5
2018/06/26 12:00,12
2018/06/26 13:00,12.5
2018/06/26 14:00,1
2018/06/26 15:00,2
2018/06/26 16:00,0.5
2018/06/26 17:00,1.5
2018/06/26 18:00,3
2018/06/26 19:00,4.5
2018/06/26 20:00,5
2018/06/26 21:00,1.5
2018/06/26 22:00,0.5
2018/06/26 23:00,0
2018/06/28 0:00,0
2018/06/28 1:00,0
2018/06/28 2:00,0
2018/06/28 3:00,0
2018/06/28 4:00,0
2018/06/28 5:00,0
2018/06/28 6:00,0
2018/06/28 7:00,0
2018/06/28 8:00,0
2018/06/28 9:00,0
2018/06/28 10:00,0
2018/06/28 11:00,0
2018/06/28 12:00,0
2018/06/28 13:00,0
2018/06/28 14:00,0
2018/06/28 15:00,0
2018/06/28 16:00,0
2018/06/28 17:00,0.5
2018/06/28 18:00,4.5
2018/06/28 19:00,6.5
2018/06/28 20:00,0
2018/06/28 21:00,0
2018/06/28 22:00,0
2018/06/28 23:00,0
2018/07/01 0:00,0
2018/07/01 1:00,0
2018/07/01 2:00,0
2018/07/01 3:00,0
2018/07/01 4:00,0
2018/07/01 5:00,0
2018/07/01 6:00,0.5
2018/07/01 7:00,0
2018/07/01 8:00,2
2018/07/01 9:00,1.5
2018/07/01 10:00,19
2018/07/01 11:00,9.5
2018/07/01 12:00,12.5
2018/07/01 13:00,6
2018/07/01 14:00,1.5
2018/07/01 15:00,3.5
2018/07/01 16:00,2
2018/07/01 17:00,2.5
2018/07/01 18:00,4.5
2018/07/01 19:00,6.5
2018/07/01 20:00,4.5
2018/07/01 21:00,2
2018/07/01 22:00,3
2018/07/01 23:00,4.5
2019/04/09 0:00,0
2019/04/09 1:00,0
2019/04/09 2:00,0
2019/04/09 3:00,0
2019/04/09 4:00,0
2019/04/09 5:00,0
2019/04/09 6:00,0
2019/04/09 7:00,0
2019/04/09 8:00,0
2019/04/09 9:00,0
2019/04/09 10:00,0
2019/04/09 11:00,0
2019/04/09 12:00,0
2019/04/09 13:00,0
2019/04/09 14:00,0
2019/04/09 15:00,0
2019/04/09 16:00,0
2019/04/09 17:00,0
2019/04/09 18:00,0.5
2019/04/09 19:00,1.5
2019/04/09 20:00,2
2019/04/09 21:00,2
2019/04/09 22:00,2
2019/04/09 23:00,1.5
2019/04/25 0:00,0
2019/04/25 1:00,0
2019/04/25 2:00,0
2019/04/25 3:00,0
2019/04/25 4:00,0
2019/04/25 5:00,0
2019/04/25 6:00,0
2019/04/25 7:00,0
2019/04/25 8:00,0
2019/04/25 9:00,0
2019/04/25 10:00,0
2019/04/25 11:00,0
2019/04/25 12:00,0
2019/04/25 13:00,0.5
2019/04/25 14:00,0
2019/04/25 15:00,0
2019/04/25 16:00,2
2019/04/25 17:00,1.5
2019/04/25 18:00,0
2019/04/25 19:00,0.5
2019/04/25 20:00,1
2019/04/25 21:00,1.5
2019/04/25 22:00,2
2019/04/25 23:00,1.5
2019/05/19 0:00,0
2019/05/19 1:00,0
2019/05/19 2:00,0
2019/05/19 3:00,0
2019/05/19 4:00,0.5
2019/05/19 5:00,0
2019/05/19 6:00,0
2019/05/19 7:00,0
2019/05/19 8:00,0
2019/05/19 9:00,1
2019/05/19 10:00,4.5
2019/05/19 11:00,1.5
2019/05/19 12:00,1.5
2019/05/19 13:00,0
2019/05/19 14:00,0
2019/05/19 15:00,1
2019/05/19 16:00,1.5
2019/05/19 17:00,2
2019/05/19 18:00,1.5
2019/05/19 19:00,0.5
2019/05/19 20:00,0
2019/05/19 21:00,0.5
2019/05/19 22:00,0.5
2019/05/19 23:00,0
2019/07/10 0:00,0
2019/07/10 1:00,0
2019/07/10 2:00,0
2019/07/10 3:00,0
2019/07/10 4:00,0
2019/07/10 5:00,0
2019/07/10 6:00,0
2019/07/10 7:00,0
2019/07/10 8:00,0
2019/07/10 9:00,0
2019/07/10 10:00,0
2019/07/10 11:00,0
2019/07/10 12:00,0
2019/07/10 13:00,0
2019/07/10 14:00,0
2019/07/10 15:00,0
2019/07/10 16:00,0
2019/07/10 17:00,0
2019/07/10 18:00,0.5
2019/07/10 19:00,0.5
2019/07/10 20:00,1.5
2019/07/10 21:00,2
2019/07/10 22:00,4.5
2019/07/10 23:00,3.5
2019/07/26 0:00,0
2019/07/26 1:00,0
2019/07/26 2:00,0.5
2019/07/26 3:00,1.5
2019/07/26 4:00,0
2019/07/26 5:00,0
2019/07/26 6:00,0
2019/07/26 7:00,13
2019/07/26 8:00,30
2019/07/26 9:00,17.5
2019/07/26 10:00,16
2019/07/26 11:00,7
2019/07/26 12:00,1.5
2019/07/26 13:00,0
2019/07/26 14:00,1.5
2019/07/26 15:00,1
2019/07/26 16:00,0
2019/07/26 17:00,0
2019/07/26 18:00,0
2019/07/26 19:00,0.5
2019/07/26 20:00,3
2019/07/26 21:00,0
2019/07/26 22:00,0
2019/07/26 23:00,0
2019/07/28 0:00,0
2019/07/28 1:00,0
2019/07/28 2:00,1
2019/07/28 3:00,7.5
2019/07/28 4:00,0.5
2019/07/28 5:00,0.5
2019/07/28 6:00,0
2019/07/28 7:00,0
2019/07/28 8:00,0.5
2019/07/28 9:00,16
2019/07/28 10:00,0
2019/07/28 11:00,0
2019/07/28 12:00,0
2019/07/28 13:00,3
2019/07/28 14:00,0
2019/07/28 15:00,0
2019/07/28 16:00,1
2019/07/28 17:00,0
2019/07/28 18:00,0.5
2019/07/28 19:00,0
2019/07/28 20:00,0
2019/07/28 21:00,0
2019/07/28 22:00,0
2019/07/28 23:00,0
2019/08/15 0:00,0
2019/08/15 1:00,0
2019/08/15 2:00,0
2019/08/15 3:00,0
2019/08/15 4:00,0
2019/08/15 5:00,0
2019/08/15 6:00,0
2019/08/15 7:00,0
2019/08/15 8:00,0
2019/08/15 9:00,0.5
2019/08/15 10:00,0.5
2019/08/15 11:00,4
2019/08/15 12:00,15.5
2019/08/15 13:00,4.5
2019/08/15 14:00,1.5
2019/08/15 15:00,0
2019/08/15 16:00,3
2019/08/15 17:00,2
2019/08/15 18:00,2.5
2019/08/15 19:00,1
2019/08/15 20:00,0
2019/08/15 21:00,0
2019/08/15 22:00,0
2019/08/15 23:00,0
2019/08/29 0:00,0
2019/08/29 1:00,0
2019/08/29 2:00,0
2019/08/29 3:00,0
2019/08/29 4:00,0
2019/08/29 5:00,0
2019/08/29 6:00,0
2019/08/29 7:00,0
2019/08/29 8:00,0
2019/08/29 9:00,0
2019/08/29 10:00,0
2019/08/29 11:00,4
2019/08/29 12:00,33
2019/08/29 13:00,6
2019/08/29 14:00,3.5
2019/08/29 15:00,0
2019/08/29 16:00,0
2019/08/29 17:00,0
2019/08/29 18:00,0
2019/08/29 19:00,0
2019/08/29 20:00,13
2019/08/29 21:00,0
2019/08/29 22:00,0
2019/08/29 23:00,0
2019/09/04 0:00,0
2019/09/04 1:00,0
2019/09/04 2:00,0
2019/09/04 3:00,0
2019/09/04 4:00,0
2019/09/04 5:00,0
2019/09/04 6:00,0
2019/09/04 7:00,3
2019/09/04 8:00,0.5
2019/09/04 9:00,0
2019/09/04 10:00,0.5
2019/09/04 11:00,2.5
2019/09/04 12:00,1
2019/09/04 13:00,1
2019/09/04 14:00,0
2019/09/04 15:00,0
2019/09/04 16:00,0
2019/09/04 17:00,0
2019/09/04 18:00,4
2019/09/04 19:00,1.5
2019/09/04 20:00,0
2019/09/04 21:00,0
2019/09/04 22:00,0
2019/09/04 23:00,0
2019/09/05 0:00,0
2019/09/05 1:00,0
2019/09/05 2:00,0
2019/09/05 3:00,0
2019/09/05 4:00,0
2019/09/05 5:00,0
2019/09/05 6:00,1
2019/09/05 7:00,0
2019/09/05 8:00,0.5
2019/09/05 9:00,0
2019/09/05 10:00,0.5
2019/09/05 11:00,0
2019/09/05 12:00,0
2019/09/05 13:00,0.5
2019/09/05 14:00,10
2019/09/05 15:00,20
2019/09/05 16:00,9.5
2019/09/05 17:00,4.5
2019/09/05 18:00,2
2019/09/05 19:00,0
2019/09/05 20:00,0
2019/09/05 21:00,0
2019/09/05 22:00,0
2019/09/05 23:00,0
2019/09/10 0:00,0
2019/09/10 1:00,0.5
2019/09/10 2:00,1
2019/09/10 3:00,1
2019/09/10 4:00,4
2019/09/10 5:00,12
2019/09/10 6:00,4
2019/09/10 7:00,0.5
2019/09/10 8:00,1.5
2019/09/10 9:00,1
2019/09/10 10:00,0
2019/09/10 11:00,0
2019/09/10 12:00,0
2019/09/10 13:00,0
2019/09/10 14:00,4
2019/09/10 15:00,4
2019/09/10 16:00,0
2019/09/10 17:00,3.5
2019/09/10 18:00,0.5
2019/09/10 19:00,0
2019/09/10 20:00,0
2019/09/10 21:00,0.5
2019/09/10 22:00,4
2019/09/10 23:00,12
2020/05/09 0:00,0
2020/05/09 1:00,0.5
2020/05/09 2:00,0
2020/05/09 3:00,0.5
2020/05/09 4:00,1
2020/05/09 5:00,0.5
2020/05/09 6:00,3.5
2020/05/09 7:00,2.5
2020/05/09 8:00,4
2020/05/09 9:00,1.5
2020/05/09 10:00,4
2020/05/09 11:00,4
2020/05/09 12:00,1
2020/05/09 13:00,0.5
2020/05/09 14:00,0.5
2020/05/09 15:00,0.5
2020/05/09 16:00,0
2020/05/09 17:00,0.5
2020/05/09 18:00,0
2020/05/09 19:00,0
2020/05/09 20:00,0
2020/05/09 21:00,0
2020/05/09 22:00,0.5
2020/05/09 23:00,0
2020/05/15 0:00,0
2020/05/15 1:00,0
2020/05/15 2:00,0
2020/05/15 3:00,0
2020/05/15 4:00,0
2020/05/15 5:00,0
2020/05/15 6:00,0
2020/05/15 7:00,0.5
2020/05/15 8:00,0.5
2020/05/15 9:00,2
2020/05/15 10:00,2
2020/05/15 11:00,1.5
2020/05/15 12:00,1
2020/05/15 13:00,0
2020/05/15 14:00,0
2020/05/15 15:00,0.5
2020/05/15 16:00,1
2020/05/15 17:00,0
2020/05/15 18:00,0
2020/05/15 19:00,0
2020/05/15 20:00,0.5
2020/05/15 21:00,0
2020/05/15 22:00,0
2020/05/15 23:00,0
2020/06/10 0:00,0
2020/06/10 1:00,0
2020/06/10 2:00,0
2020/06/10 3:00,0
2020/06/10 4:00,0
2020/06/10 5:00,0
2020/06/10 6:00,0
2020/06/10 7:00,0
2020/06/10 8:00,0
2020/06/10 9:00,0
2020/06/10 10:00,0
2020/06/10 11:00,0
2020/06/10 12:00,0
2020/06/10 13:00,0
2020/06/10 14:00,0
2020/06/10 15:00,0
2020/06/10 16:00,0
2020/06/10 17:00,0
2020/06/10 18:00,0
2020/06/10 19:00,0.5
2020/06/10 20:00,1
2020/06/10 21:00,2.5
2020/06/10 22:00,3.5
2020/06/10 23:00,1
2020/06/24 0:00,0
2020/06/24 1:00,0
2020/06/24 2:00,0
2020/06/24 3:00,0
2020/06/24 4:00,0
2020/06/24 5:00,0
2020/06/24 6:00,0
2020/06/24 7:00,0
2020/06/24 8:00,0
2020/06/24 9:00,0
2020/06/24 10:00,0
2020/06/24 11:00,3
2020/06/24 12:00,6.5
2020/06/24 13:00,3
2020/06/24 14:00,1.5
2020/06/24 15:00,2.5
2020/06/24 16:00,1
2020/06/24 17:00,1
2020/06/24 18:00,2
2020/06/24 19:00,0.5
2020/06/24 20:00,1
2020/06/24 21:00,1.5
2020/06/24 22:00,0.5
2020/06/24 23:00,0
2020/07/12 0:00,0
2020/07/12 1:00,0
2020/07/12 2:00,0
2020/07/12 3:00,0
2020/07/12 4:00,0
2020/07/12 5:00,0
2020/07/12 6:00,0
2020/07/12 7:00,0
2020/07/12 8:00,0
2020/07/12 9:00,0
2020/07/12 10:00,0
2020/07/12 11:00,0
2020/07/12 12:00,0
2020/07/12 13:00,0
2020/07/12 14:00,0
2020/07/12 15:00,0
2020/07/12 16:00,0
2020/07/12 17:00,0
2020/07/12 18:00,0.5
2020/07/12 19:00,1
2020/07/12 20:00,0.5
2020/07/12 21:00,0.5
2020/07/12 22:00,0.5
2020/07/12 23:00,0
2020/07/13 0:00,0
2020/07/13 1:00,0
2020/07/13 2:00,3
2020/07/13 3:00,3
2020/07/13 4:00,4
2020/07/13 5:00,2
2020/07/13 6:00,2.5
2020/07/13 7:00,3
2020/07/13 8:00,3.5
2020/07/13 9:00,0.5
2020/07/13 10:00,0.5
2020/07/13 11:00,0
2020/07/13 12:00,2.5
2020/07/13 13:00,3.5
2020/07/13 14:00,2
2020/07/13 15:00,1
2020/07/13 16:00,1.5
2020/07/13 17:00,1.5
2020/07/13 18:00,2
2020/07/13 19:00,1
2020/07/13 20:00,1
2020/07/13 21:00,0.5
2020/07/13 22:00,0.5
2020/07/13 23:00,2
2020/07/22 0:00,0
2020/07/22 1:00,0
2020/07/22 2:00,0
2020/07/22 3:00,0
2020/07/22 4:00,0
2020/07/22 5:00,0
2020/07/22 6:00,0
2020/07/22 7:00,0
2020/07/22 8:00,3.5
2020/07/22 9:00,9.5
2020/07/22 10:00,2.5
2020/07/22 11:00,1
2020/07/22 12:00,0
2020/07/22 13:00,0
2020/07/22 14:00,0
2020/07/22 15:00,0
2020/07/22 16:00,1.5
2020/07/22 17:00,1.5
2020/07/22 18:00,0.5
2020/07/22 19:00,0
2020/07/22 20:00,0
2020/07/22 21:00,0
2020/07/22 22:00,0
2020/07/22 23:00,0
2020/07/23 0:00,0
2020/07/23 1:00,0
2020/07/23 2:00,0
2020/07/23 3:00,0.5
2020/07/23 4:00,1.5
2020/07/23 5:00,1
2020/07/23 6:00,0
2020/07/23 7:00,0.5
2020/07/23 8:00,0.5
2020/07/23 9:00,0.5
2020/07/23 10:00,0.5
2020/07/23 11:00,0
2020/07/23 12:00,1
2020/07/23 13:00,1.5
2020/07/23 14:00,1
2020/07/23 15:00,6.5
2020/07/23 16:00,8
2020/07/23 17:00,9
2020/07/23 18:00,14
2020/07/23 19:00,12
2020/07/23 20:00,8.5
2020/07/23 21:00,12.5
2020/07/23 22:00,4
2020/07/23 23:00,1
2020/07/29 0:00,0
2020/07/29 1:00,17.5
2020/07/29 2:00,5
2020/07/29 3:00,2
2020/07/29 4:00,0
2020/07/29 5:00,0
2020/07/29 6:00,0.5
2020/07/29 7:00,3
2020/07/29 8:00,1
2020/07/29 9:00,1
2020/07/29 10:00,13.5
2020/07/29 11:00,0
2020/07/29 12:00,0.5
2020/07/29 13:00,0
2020/07/29 14:00,2
2020/07/29 15:00,0
2020/07/29 16:00,0
2020/07/29 17:00,0
2020/07/29 18:00,0
2020/07/29 19:00,0
2020/07/29 20:00,6
2020/07/29 21:00,0
2020/07/29 22:00,0.5
2020/07/29 23:00,1.5
2020/08/02 0:00,21
2020/08/02 1:00,1
2020/08/02 2:00,0
2020/08/02 3:00,0
2020/08/02 4:00,0
2020/08/02 5:00,0.5
2020/08/02 6:00,0.5
2020/08/02 7:00,0
2020/08/02 8:00,0.5
2020/08/02 9:00,1.5
2020/08/02 10:00,2
2020/08/02 11:00,1.5
2020/08/02 12:00,0.5
2020/08/02 13:00,4.5
2020/08/02 14:00,2.5
2020/08/02 15:00,0.5
2020/08/02 16:00,7
2020/08/02 17:00,3
2020/08/02 18:00,1
2020/08/02 19:00,0
2020/08/02 20:00,0
2020/08/02 21:00,0
2020/08/02 22:00,0
2020/08/02 23:00,0
2020/08/03 0:00,0
2020/08/03 1:00,0
2020/08/03 2:00,0.5
2020/08/03 3:00,4
2020/08/03 4:00,21
2020/08/03 5:00,4
2020/08/03 6:00,9.5
2020/08/03 7:00,11
2020/08/03 8:00,0
2020/08/03 9:00,4
2020/08/03 10:00,2
2020/08/03 11:00,0
2020/08/03 12:00,0
2020/08/03 13:00,0
2020/08/03 14:00,0.5
2020/08/03 15:00,0
2020/08/03 16:00,1.5
2020/08/03 17:00,0
2020/08/03 18:00,0
2020/08/03 19:00,1
2020/08/03 20:00,11
2020/08/03 21:00,0
2020/08/03 22:00,0
2020/08/03 23:00,0
2020/08/09 0:00,0.5
2020/08/09 1:00,0
2020/08/09 2:00,0
2020/08/09 3:00,6.5
2020/08/09 4:00,2.5
2020/08/09 5:00,0
2020/08/09 6:00,1.5
2020/08/09 7:00,0
2020/08/09 8:00,7
2020/08/09 9:00,19.5
2020/08/09 10:00,25.5
2020/08/09 11:00,4
2020/08/09 12:00,8
2020/08/09 13:00,1.5
2020/08/09 14:00,3.5
2020/08/09 15:00,3
2020/08/09 16:00,0
2020/08/09 17:00,1
2020/08/09 18:00,0
2020/08/09 19:00,0
2020/08/09 20:00,0
2020/08/09 21:00,0
2020/08/09 22:00,0
2020/08/09 23:00,0
2020/08/10 0:00,0
2020/08/10 1:00,0
2020/08/10 2:00,0
2020/08/10 3:00,0
2020/08/10 4:00,0.5
2020/08/10 5:00,0
2020/08/10 6:00,0
2020/08/10 7:00,0
2020/08/10 8:00,0
2020/08/10 9:00,0.5
2020/08/10 10:00,0
2020/08/10 11:00,0
2020/08/10 12:00,0
2020/08/10 13:00,0
2020/08/10 14:00,0
2020/08/10 15:00,0
2020/08/10 16:00,4
2020/08/10 17:00,5
2020/08/10 18:00,2
2020/08/10 19:00,0.5
2020/08/10 20:00,0
2020/08/10 21:00,0
2020/08/10 22:00,0
2020/08/10 23:00,1.5
2020/08/22 0:00,0
2020/08/22 1:00,0
2020/08/22 2:00,0
2020/08/22 3:00,0
2020/08/22 4:00,0
2020/08/22 5:00,0
2020/08/22 6:00,0
2020/08/22 7:00,0
2020/08/22 8:00,0
2020/08/22 9:00,0
2020/08/22 10:00,0
2020/08/22 11:00,0
2020/08/22 12:00,0
2020/08/22 13:00,0
2020/08/22 14:00,0
2020/08/22 15:00,11.5
2020/08/22 16:00,8.5
2020/08/22 17:00,0.5
2020/08/22 18:00,0
2020/08/22 19:00,45
2020/08/22 20:00,10
2020/08/22 21:00,0.5
2020/08/22 22:00,0
2020/08/22 23:00,0
2020/09/02 0:00,0
2020/09/02 1:00,0
2020/09/02 2:00,0
2020/09/02 3:00,0
2020/09/02 4:00,0
2020/09/02 5:00,0.5
2020/09/02 6:00,0
2020/09/02 7:00,0
2020/09/02 8:00,0
2020/09/02 9:00,0.5
2020/09/02 10:00,0
2020/09/02 11:00,0.5
2020/09/02 12:00,1
2020/09/02 13:00,2.5
2020/09/02 14:00,1
2020/09/02 15:00,0
2020/09/02 16:00,1.5
2020/09/02 17:00,3
2020/09/02 18:00,17
2020/09/02 19:00,5
2020/09/02 20:00,0
2020/09/02 21:00,0
2020/09/02 22:00,0.5
2020/09/02 23:00,1.5
2021/04/03 0:00,0
2021/04/03 1:00,0
2021/04/03 2:00,0
2021/04/03 3:00,0
2021/04/03 4:00,0
2021/04/03 5:00,0
2021/04/03 6:00,0
2021/04/03 7:00,0
2021/04/03 8:00,0
2021/04/03 9:00,0
2021/04/03 10:00,0
2021/04/03 11:00,3.5
2021/04/03 12:00,7
2021/04/03 13:00,7.5
2021/04/03 14:00,5.5
2021/04/03 15:00,5.5
2021/04/03 16:00,3
2021/04/03 17:00,1.5
2021/04/03 18:00,5.5
2021/04/03 19:00,5
2021/04/03 20:00,2
2021/04/03 21:00,0.5
2021/04/03 22:00,4
2021/04/03 23:00,2
2021/05/16 0:00,0.5
2021/05/16 1:00,0.5
2021/05/16 2:00,0
2021/05/16 3:00,1
2021/05/16 4:00,1.5
2021/05/16 5:00,1
2021/05/16 6:00,0.5
2021/05/16 7:00,2.5
2021/05/16 8:00,1
2021/05/16 9:00,1
2021/05/16 10:00,0.5
2021/05/16 11:00,0.5
2021/05/16 12:00,6
2021/05/16 13:00,5.5
2021/05/16 14:00,3.5
2021/05/16 15:00,1
2021/05/16 16:00,2.5
2021/05/16 17:00,2
2021/05/16 18:00,1.5
2021/05/16 19:00,4.5
2021/05/16 20:00,6.5
2021/05/16 21:00,3.5
2021/05/16 22:00,0.5
2021/05/16 23:00,0
2021/06/03 0:00,0
2021/06/03 1:00,0
2021/06/03 2:00,0
2021/06/03 3:00,0
2021/06/03 4:00,0
2021/06/03 5:00,0
2021/06/03 6:00,0
2021/06/03 7:00,0
2021/06/03 8:00,0
2021/06/03 9:00,0
2021/06/03 10:00,0
2021/06/03 11:00,0
2021/06/03 12:00,0
2021/06/03 13:00,0
2021/06/03 14:00,1
2021/06/03 15:00,1.5
2021/06/03 16:00,2.5
2021/06/03 17:00,4.5
2021/06/03 18:00,2.5
2021/06/03 19:00,2
2021/06/03 20:00,1
2021/06/03 21:00,5
2021/06/03 22:00,1
2021/06/03 23:00,0.5
2021/06/30 0:00,0
2021/06/30 1:00,0
2021/06/30 2:00,0
2021/06/30 3:00,0
2021/06/30 4:00,0
2021/06/30 5:00,0
2021/06/30 6:00,0
2021/06/30 7:00,0
2021/06/30 8:00,0
2021/06/30 9:00,0
2021/06/30 10:00,0
2021/06/30 11:00,0
2021/06/30 12:00,0
2021/06/30 13:00,7
2021/06/30 14:00,1.5
2021/06/30 15:00,0
2021/06/30 16:00,0
2021/06/30 17:00,0
2021/06/30 18:00,0
2021/06/30 19:00,0
2021/06/30 20:00,0
2021/06/30 21:00,0
2021/06/30 22:00,0
2021/06/30 23:00,0
2021/07/03 0:00,0
2021/07/03 1:00,0
2021/07/03 2:00,0
2021/07/03 3:00,0
2021/07/03 4:00,0
2021/07/03 5:00,0
2021/07/03 6:00,0
2021/07/03 7:00,0
2021/07/03 8:00,0
2021/07/03 9:00,0
2021/07/03 10:00,0
2021/07/03 11:00,0
2021/07/03 12:00,0
2021/07/03 13:00,0
2021/07/03 14:00,0
2021/07/03 15:00,0
2021/07/03 16:00,0.5
2021/07/03 17:00,4.5
2021/07/03 18:00,13.5
2021/07/03 19:00,6
2021/07/03 20:00,7
2021/07/03 21:00,13
2021/07/03 22:00,3
2021/07/03 23:00,9
2021/08/12 0:00,0
2021/08/12 1:00,0
2021/08/12 2:00,0
2021/08/12 3:00,0
2021/08/12 4:00,0
2021/08/12 5:00,0
2021/08/12 6:00,0
2021/08/12 7:00,0
2021/08/12 8:00,0
2021/08/12 9:00,0
2021/08/12 10:00,0
2021/08/12 11:00,0
2021/08/12 12:00,0
2021/08/12 13:00,0
2021/08/12 14:00,0
2021/08/12 15:00,0
2021/08/12 16:00,0
2021/08/12 17:00,0
2021/08/12 18:00,2.5
2021/08/12 19:00,1.5
2021/08/12 20:00,0
2021/08/12 21:00,0
2021/08/12 22:00,0
2021/08/12 23:00,0
2021/08/17 0:00,0
2021/08/17 1:00,0
2021/08/17 2:00,0
2021/08/17 3:00,0
2021/08/17 4:00,0
2021/08/17 5:00,0
2021/08/17 6:00,0
2021/08/17 7:00,0
2021/08/17 8:00,0
2021/08/17 9:00,0
2021/08/17 10:00,0
2021/08/17 11:00,0
2021/08/17 12:00,0
2021/08/17 13:00,0
2021/08/17 14:00,0
2021/08/17 15:00,0
2021/08/17 16:00,0
2021/08/17 17:00,0
2021/08/17 18:00,0
2021/08/17 19:00,0
2021/08/17 20:00,1
2021/08/17 21:00,3
2021/08/17 22:00,0.5
2021/08/17 23:00,0
2021/08/23 1:00,0
2021/08/23 2:00,0
2021/08/23 3:00,0
2021/08/23 4:00,0
2021/08/23 5:00,0
2021/08/23 6:00,0
2021/08/23 7:00,0
2021/08/23 8:00,0
2021/08/23 9:00,0
2021/08/23 10:00,0
2021/08/23 11:00,0
2021/08/23 12:00,0
2021/08/23 13:00,0
2021/08/23 14:00,0
2021/08/23 15:00,0.5
2021/08/23 16:00,0.5
2021/08/23 17:00,0
2021/08/23 18:00,0.5
2021/08/23 19:00,2
2021/08/23 20:00,1
2021/08/23 21:00,0.5
2021/08/23 22:00,0
2021/08/23 23:00,0
2021/08/31 0:00,0
2021/08/31 1:00,0
2021/08/31 2:00,0
2021/08/31 3:00,0
2021/08/31 4:00,0
2021/08/31 5:00,0
2021/08/31 6:00,0
2021/08/31 7:00,0
2021/08/31 8:00,0
2021/08/31 9:00,0
2021/08/31 10:00,0
2021/08/31 11:00,0
2021/08/31 12:00,1
2021/08/31 13:00,5
2021/08/31 14:00,9
2021/08/31 15:00,17
2021/08/31 16:00,12
2021/08/31 17:00,9.5
2021/08/31 18:00,9
2021/08/31 19:00,5.5
2021/08/31 20:00,2
2021/08/31 21:00,2.5
2021/08/31 22:00,5.5
2021/08/31 23:00,11
2021/09/07 0:00,0.5
2021/09/07 1:00,1.5
2021/09/07 2:00,1.5
2021/09/07 3:00,4
2021/09/07 4:00,1.5
2021/09/07 5:00,3
2021/09/07 6:00,1
2021/09/07 7:00,0.5
2021/09/07 8:00,0
2021/09/07 9:00,0.5
2021/09/07 10:00,3
2021/09/07 11:00,0.5
2021/09/07 12:00,2
2021/09/07 13:00,1.5
2021/09/07 14:00,0.5
2021/09/07 15:00,0.5
2021/09/07 16:00,0.5
2021/09/07 17:00,0
2021/09/07 18:00,0.5
2021/09/07 19:00,0.5
2021/09/07 20:00,0.5
2021/09/07 21:00,0.5
2021/09/07 22:00,0.5
2021/09/07 23:00,1.5
2021/09/29 0:00,0
2021/09/29 1:00,0.5
2021/09/29 2:00,0
2021/09/29 3:00,0
2021/09/29 4:00,0
2021/09/29 5:00,0
2021/09/29 6:00,1.5
2021/09/29 7:00,0
2021/09/29 8:00,0
2021/09/29 9:00,0.5
2021/09/29 10:00,1
2021/09/29 11:00,1
2021/09/29 12:00,0
2021/09/29 13:00,0
2021/09/29 14:00,0.5
2021/09/29 15:00,0
2021/09/29 16:00,0
2021/09/29 17:00,0
2021/09/29 18:00,0.5
2021/09/29 19:00,0
2021/09/29 20:00,0
2021/09/29 21:00,0
2021/09/29 22:00,0
2021/09/29 23:00,0
2021/10/10 0:00,0
2021/10/10 1:00,0
2021/10/10 2:00,0
2021/10/10 3:00,0
2021/10/10 4:00,0
2021/10/10 5:00,0
2021/10/10 6:00,0
2021/10/10 7:00,0
2021/10/10 8:00,0
2021/10/10 9:00,0
2021/10/10 10:00,0
2021/10/10 11:00,0
2021/10/10 12:00,0
2021/10/10 13:00,0
2021/10/10 14:00,0.5
2021/10/10 15:00,2
2021/10/10 16:00,0.5
2021/10/10 17:00,1.5
2021/10/10 18:00,0
2021/10/10 19:00,4
2021/10/10 20:00,0.5
2021/10/10 21:00,0
2021/10/10 22:00,0
2021/10/10 23:00,0
2022/06/23 0:00,0
2022/06/23 1:00,0
2022/06/23 2:00,0
2022/06/23 3:00,0
2022/06/23 4:00,0
2022/06/23 5:00,0
2022/06/23 6:00,0
2022/06/23 7:00,0
2022/06/23 8:00,0
2022/06/23 9:00,0
2022/06/23 10:00,0.5
2022/06/23 11:00,0
2022/06/23 12:00,0
2022/06/23 13:00,2
2022/06/23 14:00,13
2022/06/23 15:00,5.5
2022/06/23 16:00,12.5
2022/06/23 17:00,1.5
2022/06/23 18:00,2.5
2022/06/23 19:00,11.5
2022/06/23 20:00,22
2022/06/23 21:00,0
2022/06/23 22:00,17.5
2022/06/23 23:00,2.5
2022/06/29 0:00,2
2022/06/29 1:00,0.5
2022/06/29 2:00,5
2022/06/29 3:00,8.5
2022/06/29 4:00,1.5
2022/06/29 5:00,3
2022/06/29 6:00,0
2022/06/29 7:00,0
2022/06/29 8:00,0
2022/06/29 9:00,0
2022/06/29 10:00,0.5
2022/06/29 11:00,0
2022/06/29 12:00,1
2022/06/29 13:00,1.5
2022/06/29 14:00,5.5
2022/06/29 15:00,0
2022/06/29 16:00,0
2022/06/29 17:00,0
2022/06/29 18:00,0
2022/06/29 19:00,2
2022/06/29 20:00,9
2022/06/29 21:00,1.5
2022/06/29 22:00,0
2022/06/29 23:00,1
2022/06/30 0:00,2.5
2022/06/30 1:00,4.5
2022/06/30 2:00,2.5
2022/06/30 3:00,3.5
2022/06/30 4:00,9
2022/06/30 5:00,18
2022/06/30 6:00,20
2022/06/30 7:00,12.5
2022/06/30 8:00,14
2022/06/30 9:00,3
2022/06/30 10:00,18
2022/06/30 11:00,7.5
2022/06/30 12:00,1
2022/06/30 13:00,0.5
2022/06/30 14:00,3.5
2022/06/30 15:00,8.5
2022/06/30 16:00,1.5
2022/06/30 17:00,12.5
2022/06/30 18:00,32
2022/06/30 19:00,25.5
2022/06/30 20:00,6
2022/06/30 21:00,6.5
2022/06/30 22:00,0.5
2022/06/30 23:00,0
2022/07/13 0:00,0
2022/07/13 1:00,0
2022/07/13 2:00,0
2022/07/13 3:00,0
2022/07/13 4:00,9
2022/07/13 5:00,0
2022/07/13 6:00,0
2022/07/13 7:00,0.5
2022/07/13 8:00,0
2022/07/13 9:00,0.5
2022/07/13 10:00,1.5
2022/07/13 11:00,11.5
2022/07/13 12:00,23.5
2022/07/13 13:00,3
2022/07/13 14:00,6
2022/07/13 15:00,15.5
2022/07/13 16:00,18.5
2022/07/13 17:00,20
2022/07/13 18:00,22.5
2022/07/13 19:00,5.5
2022/07/13 20:00,2.5
2022/07/13 21:00,0.5
2022/07/13 22:00,0.5
2022/07/13 23:00,0
2022/07/23 0:00,0
2022/07/23 1:00,0
2022/07/23 2:00,0
2022/07/23 3:00,0
2022/07/23 4:00,0
2022/07/23 5:00,0
2022/07/23 6:00,0
2022/07/23 7:00,0
2022/07/23 8:00,0
2022/07/23 9:00,0
2022/07/23 10:00,0
2022/07/23 11:00,0
2022/07/23 12:00,0
2022/07/23 13:00,0
2022/07/23 14:00,0
2022/07/23 15:00,0
2022/07/23 16:00,0
2022/07/23 17:00,0.5
2022/07/23 18:00,0
2022/07/23 19:00,0.5
2022/07/23 20:00,2
2022/07/23 21:00,1.5
2022/07/23 22:00,1
2022/07/23 23:00,8.5
2022/07/31 0:00,0
2022/07/31 1:00,0
2022/07/31 2:00,0
2022/07/31 3:00,0
2022/07/31 4:00,0
2022/07/31 5:00,0
2022/07/31 6:00,0
2022/07/31 7:00,0
2022/07/31 8:00,0
2022/07/31 9:00,0
2022/07/31 10:00,1
2022/07/31 11:00,0
2022/07/31 12:00,0
2022/07/31 13:00,3
2022/07/31 14:00,3
2022/07/31 15:00,1.5
2022/07/31 16:00,3.5
2022/07/31 17:00,0.5
2022/07/31 18:00,0.5
2022/07/31 19:00,0
2022/07/31 20:00,1.5
2022/07/31 21:00,10
2022/07/31 22:00,13
2022/07/31 23:00,4.5
2022/08/02 0:00,0
2022/08/02 1:00,0.5
2022/08/02 2:00,0.5
2022/08/02 3:00,3
2022/08/02 4:00,0.5
2022/08/02 5:00,0
2022/08/02 6:00,0
2022/08/02 7:00,0
2022/08/02 8:00,0.5
2022/08/02 9:00,0
2022/08/02 10:00,0
2022/08/02 11:00,0
2022/08/02 12:00,0
2022/08/02 13:00,0
2022/08/02 14:00,0
2022/08/02 15:00,0.5
2022/08/02 16:00,1
2022/08/02 17:00,0
2022/08/02 18:00,0
2022/08/02 19:00,0.5
2022/08/02 20:00,0
2022/08/02 21:00,0
2022/08/02 22:00,0.5
2022/08/02 23:00,1
2022/08/19 0:00,0
2022/08/19 1:00,0
2022/08/19 2:00,0
2022/08/19 3:00,0
2022/08/19 4:00,0
2022/08/19 5:00,0
2022/08/19 6:00,0
2022/08/19 7:00,0
2022/08/19 8:00,0
2022/08/19 9:00,0
2022/08/19 10:00,0
2022/08/19 11:00,0
2022/08/19 12:00,0
2022/08/19 13:00,0
2022/08/19 14:00,0
2022/08/19 15:00,0
2022/08/19 16:00,0
2022/08/19 17:00,23
2022/08/19 18:00,14.5
2022/08/19 19:00,1
2022/08/19 20:00,7.5
2022/08/19 21:00,1
2022/08/19 22:00,0.5
2022/08/19 23:00,1.5
2022/08/30 0:00,0
2022/08/30 1:00,0
2022/08/30 2:00,0.5
2022/08/30 3:00,2
2022/08/30 4:00,4
2022/08/30 5:00,4
2022/08/30 6:00,2
2022/08/30 7:00,1
2022/08/30 8:00,3.5
2022/08/30 9:00,3
2022/08/30 10:00,3.5
2022/08/30 11:00,2.5
2022/08/30 12:00,1
2022/08/30 13:00,1.5
2022/08/30 14:00,3
2022/08/30 15:00,3
2022/08/30 16:00,1
2022/08/30 17:00,2.5
2022/08/30 18:00,2
2022/08/30 19:00,2
2022/08/30 20:00,2
2022/08/30 21:00,0.5
2022/08/30 22:00,0
2022/08/30 23:00,0
2022/09/04 0:00,0
2022/09/04 1:00,0
2022/09/04 2:00,0
2022/09/04 3:00,0
2022/09/04 4:00,0
2022/09/04 5:00,0
2022/09/04 6:00,0
2022/09/04 7:00,0
2022/09/04 8:00,0
2022/09/04 9:00,0.5
2022/09/04 10:00,0
2022/09/04 11:00,0
2022/09/04 12:00,0
2022/09/04 13:00,1.5
2022/09/04 14:00,0.5
2022/09/04 15:00,0.5
2022/09/04 16:00,0
2022/09/04 17:00,0
2022/09/04 18:00,0
2022/09/04 19:00,5.5
2022/09/04 20:00,2.5
2022/09/04 21:00,1
2022/09/04 22:00,1.5
2022/09/04 23:00,4.5
2022/09/16 0:00,0
2022/09/16 1:00,0
2022/09/16 2:00,0
2022/09/16 3:00,0
2022/09/16 4:00,0
2022/09/16 5:00,0
2022/09/16 6:00,0
2022/09/16 7:00,0
2022/09/16 8:00,0
2022/09/16 9:00,0
2022/09/16 10:00,0
2022/09/16 11:00,0
2022/09/16 12:00,0
2022/09/16 13:00,0
2022/09/16 14:00,0
2022/09/16 15:00,0
2022/09/16 16:00,0
2022/09/16 17:00,0
2022/09/16 18:00,0
2022/09/16 19:00,10
2022/09/16 20:00,0
2022/09/16 21:00,2.5
2022/09/16 22:00,4
2022/09/16 23:00,0.5
2022/10/03 0:00,0.5
2022/10/03 1:00,3
2022/10/03 2:00,1.5
2022/10/03 3:00,4
2022/10/03 4:00,9.5
2022/10/03 5:00,5
2022/10/03 6:00,2
2022/10/03 7:00,2.5
2022/10/03 8:00,2
2022/10/03 9:00,1.5
2022/10/03 10:00,0.5
2022/10/03 11:00,1
2022/10/03 12:00,2
2022/10/03 13:00,1
2022/10/03 14:00,1.5
2022/10/03 15:00,1.5
2022/10/03 16:00,0.5
2022/10/03 17:00,0
2022/10/03 18:00,0
2022/10/03 19:00,0
2022/10/03 20:00,2
2022/10/03 21:00,5.5
2022/10/03 22:00,2
2022/10/03 23:00,1.5
2022/10/09 0:00,0
2022/10/09 1:00,0
2022/10/09 2:00,0
2022/10/09 3:00,0
2022/10/09 4:00,0
2022/10/09 5:00,0
2022/10/09 6:00,0
2022/10/09 7:00,0
2022/10/09 8:00,0
2022/10/09 9:00,0
2022/10/09 10:00,0
2022/10/09 11:00,0
2022/10/09 12:00,1
2022/10/09 13:00,1
2022/10/09 14:00,2
2022/10/09 15:00,2.5
2022/10/09 16:00,2.5
2022/10/09 17:00,1.5
2022/10/09 18:00,1
2022/10/09 19:00,1
2022/10/09 20:00,2.5
2022/10/09 21:00,0.5
2022/10/09 22:00,0.5
2022/10/09 23:00,0
2023/05/06 0:00,0
2023/05/06 1:00,0
2023/05/06 2:00,0.5
2023/05/06 3:00,1
2023/05/06 4:00,2.5
2023/05/06 5:00,2
2023/05/06 6:00,4.5
2023/05/06 7:00,7
2023/05/06 8:00,6.5
2023/05/06 9:00,8
2023/05/06 10:00,7
2023/05/06 11:00,7.5
2023/05/06 12:00,4.5
2023/05/06 13:00,1.5
2023/05/06 14:00,0.5
2023/05/06 15:00,0
2023/05/06 16:00,0.5
2023/05/06 17:00,0
2023/05/06 18:00,0
2023/05/06 19:00,0
2023/05/06 20:00,0
2023/05/06 21:00,0
2023/05/06 22:00,0
2023/05/06 23:00,0
2023/05/27 0:00,0
2023/05/27 1:00,0
2023/05/27 2:00,0
2023/05/27 3:00,0
2023/05/27 4:00,0
2023/05/27 5:00,0
2023/05/27 6:00,0
2023/05/27 7:00,0
2023/05/27 8:00,0
2023/05/27 9:00,0
2023/05/27 10:00,0
2023/05/27 11:00,0
2023/05/27 12:00,3
2023/05/27 13:00,1.5
2023/05/27 14:00,2.5
2023/05/27 15:00,2.5
2023/05/27 16:00,1
2023/05/27 17:00,0
2023/05/27 18:00,2.5
2023/05/27 19:00,3.5
2023/05/27 20:00,3
2023/05/27 21:00,1
2023/05/27 22:00,5
2023/05/27 23:00,0
2023/05/28 0:00,0.5
2023/05/28 1:00,0.5
2023/05/28 2:00,6.5
2023/05/28 3:00,1
2023/05/28 4:00,1.5
2023/05/28 5:00,0.5
2023/05/28 6:00,0.5
2023/05/28 7:00,2
2023/05/28 8:00,1.5
2023/05/28 9:00,2
2023/05/28 10:00,3
2023/05/28 11:00,1.5
2023/05/28 12:00,1.5
2023/05/28 13:00,0.5
2023/05/28 14:00,1.5
2023/05/28 15:00,1.5
2023/05/28 16:00,2.5
2023/05/28 17:00,2.5
2023/05/28 18:00,2
2023/05/28 19:00,2
2023/05/28 20:00,1.5
2023/05/28 21:00,2
2023/05/28 22:00,3
2023/05/28 23:00,1.5
2023/06/29 0:00,0
2023/06/29 1:00,0
2023/06/29 2:00,0
2023/06/29 3:00,0
2023/06/29 4:00,0
2023/06/29 5:00,0
2023/06/29 6:00,0
2023/06/29 7:00,0
2023/06/29 8:00,0
2023/06/29 9:00,0
2023/06/29 10:00,1.5
2023/06/29 11:00,9
2023/06/29 12:00,13.5
2023/06/29 13:00,1
2023/06/29 14:00,1.5
2023/06/29 15:00,6
2023/06/29 16:00,18
2023/06/29 17:00,0
2023/06/29 18:00,0
2023/06/29 19:00,0.5
2023/06/29 20:00,0
2023/06/29 21:00,0
2023/06/29 22:00,0
2023/06/29 23:00,0
2023/07/04 0:00,0
2023/07/04 1:00,0
2023/07/04 2:00,0
2023/07/04 3:00,0
2023/07/04 4:00,0
2023/07/04 5:00,0
2023/07/04 6:00,0
2023/07/04 7:00,0
2023/07/04 8:00,0
2023/07/04 9:00,0
2023/07/04 10:00,0
2023/07/04 11:00,0
2023/07/04 12:00,0
2023/07/04 13:00,0
2023/07/04 14:00,0
2023/07/04 15:00,2.5
2023/07/04 16:00,8
2023/07/04 17:00,2.5
2023/07/04 18:00,0.5
2023/07/04 19:00,8.5
2023/07/04 20:00,7
2023/07/04 21:00,17.5
2023/07/04 22:00,1
2023/07/04 23:00,1.5
2023/07/11 0:00,0
2023/07/11 1:00,0
2023/07/11 2:00,0
2023/07/11 3:00,0
2023/07/11 4:00,0
2023/07/11 5:00,0
2023/07/11 6:00,0
2023/07/11 7:00,0
2023/07/11 8:00,0
2023/07/11 9:00,6.5
2023/07/11 10:00,6
2023/07/11 11:00,5.5
2023/07/11 12:00,2
2023/07/11 13:00,0
2023/07/11 14:00,1
2023/07/11 15:00,5
2023/07/11 16:00,39
2023/07/11 17:00,33.5
2023/07/11 18:00,5.5
2023/07/11 19:00,0.5
2023/07/11 20:00,0.5
2023/07/11 21:00,0
2023/07/11 22:00,0
2023/07/11 23:00,0
